Segment,Territory,Customer Date,Net ARR,Composite Fleet Size,Number of ELD Devices
ENT,Southeast,10/14/2019,4200,289,10
ENT,Northeast,10/19/2018,256212,1200,777
ENT,Southeast,12/11/2017,412260,11000,1437
ENT,Chicago East,10/6/2017,35184,94,113
ENT,West,4/23/2019,369480,650,708
ENT,Northeast,5/24/2018,30240,52,84
ENT,South Central,4/15/2019,38964,1000,199
ENT,North Central,5/13/2019,394140,650,790
ENT,North Central,7/26/2019,33300,1400,87
ENT,Southwest,8/29/2019,25800,43,43
ENT,North Central,8/17/2017,81000,150,202
ENT,North Central,3/26/2018,50484,150,172
ENT,Northwest,8/21/2020,0,501,21
ENT,Northeast,6/19/2020,26880,1000,84
ENT,South Central,4/4/2019,540684,1606,1050
ENT,Ontario,5/30/2020,169380,282,293
ENT,Southeast,11/27/2017,5040,55,13
ENT,Southeast,12/11/2017,14100,305,30
ENT,South Central,7/30/2020,83472,500,188
ENT,South Central,4/24/2019,15360,101,64
ENT,South Central,7/31/2020,8400,870,15
ENT,West,5/8/2018,20520,4000,52
ENT,Northeast,8/7/2018,3840,600,18
ENT,Southeast,10/17/2017,63516,90,223
ENT,Southeast,11/8/2017,2376,1,6
ENT,Southeast,11/3/2017,1200,1,6
ENT,Southeast,11/14/2017,41352,501,126
ENT,North Central,12/22/2017,4560,1865,19
ENT,Northwest,1/15/2018,4800,1,8
ENT,Southeast,7/19/2019,99360,600,210
ENT,Southeast,12/27/2018,10356,2,29
ENT,Southeast,3/19/2019,7128,5,20
ENT,Southeast,4/18/2019,2856,5,8
ENT,West,11/13/2019,79164,501,426
ENT,Southeast,1/16/2020,4200,5,7
ENT,Southeast,10/12/2017,135624,800,415
ENT,South Central,5/10/2019,372720,700,490
ENT,West,11/13/2017,264960,785,1384
ENT,South Central,11/9/2017,72480,495,152
ENT,North Central,12/30/2017,29580,1772,73
ENT,West,11/27/2017,18960,100,52
ENT,West,12/19/2017,6780,632,32
ENT,North Central,3/20/2017,15120,550,44
ENT,Southeast,5/23/2017,254064,620,563
ENT,South Central,9/1/2017,69288,205,158
ENT,South Central,8/9/2017,17148,100,40
ENT,Chicago East,1/13/2020,194688,140,355
ENT,North Central,2/19/2018,15120,501,37
ENT,Southeast,11/28/2017,0,400,63
ENT,North Central,11/27/2017,3840,1012,17
ENT,North Central,8/31/2020,2460,2685,7
ENT,North Central,9/3/2020,541512,900,993
ENT,South Central,9/16/2020,0,600,11
ENT,Southwest,2/26/2020,7728,30,22
ENT,Northeast,5/2/2018,329472,744,754
ENT,North Central,9/21/2017,10200,9,18
ENT,North Central,10/17/2017,25560,35,56
ENT,North Central,11/1/2017,5280,4,11
ENT,North Central,11/29/2017,15840,57,66
ENT,North Central,12/6/2017,5040,17,11
ENT,South Central,4/16/2018,5184,15,17
ENT,Chicago East,9/13/2018,24840,43,82
ENT,North Central,6/18/2018,7980,15,19
ENT,South Central,3/28/2019,178920,285,303
ENT,South Central,4/25/2019,170520,950,286
ENT,Southeast,11/28/2017,862704,3600,2595
ENT,South Central,3/19/2018,71964,65,229
ENT,North Central,1/4/2017,136488,300,254
ENT,West,3/8/2017,100560,750,278
ENT,Southwest,3/3/2017,14880,41,43
ENT,South Central,5/4/2017,34236,60,82
ENT,Northeast,9/22/2017,114240,501,287
ENT,Southwest,3/15/2017,10440,25,28
ENT,North Central,4/17/2017,16656,34,49
ENT,Northeast,5/2/2017,13440,51,61
ENT,Pittsburgh,11/27/2017,38340,45,64
ENT,Southeast,5/7/2020,9360,25,39
ENT,South Central,9/17/2020,233760,800,650
ENT,North Central,9/17/2020,322248,800,925
ENT,Southeast,1/18/2018,107340,700,307
ENT,Northeast,11/25/2016,402408,650,835
ENT,Southeast,5/30/2018,114000,550,308
ENT,West,7/26/2017,711324,1500,2187
ENT,Southeast,2/25/2019,125172,802,327
ENT,Los Angeles,8/29/2017,15252,1800,70
ENT,North Central,11/22/2017,18336,849,107
ENT,West,6/13/2018,3960,1066,11
ENT,North Central,8/2/2019,292320,1100,830
ENT,South Central,2/28/2019,8172,860,17
ENT,Northeast,7/31/2019,33720,501,80
ENT,Southeast,7/31/2019,22272,860,52
ENT,North Central,11/27/2017,52572,895,166
ENT,South Central,12/22/2016,777600,1270,1376
ENT,South Central,1/3/2018,9360,1300,39
ENT,Southeast,11/27/2017,100560,471,457
ENT,North Central,3/2/2020,1152,501,6
ENT,South Central,4/6/2020,18816,100,44
ENT,South Central,11/17/2020,0,501,10
MM,Southeast,12/21/2018,62400,125,129
MM,Southeast,6/20/2017,14700,78,97
MM,South Central,3/29/2019,38400,83,82
MM,North Central,9/30/2017,54768,200,188
MM,South Central,11/27/2017,32400,54,107
MM,North Central,6/28/2019,33600,60,71
MM,South Central,10/10/2017,31284,60,205
MM,Northeast,11/28/2017,22788,65,142
MM,Southeast,10/27/2017,50676,52,82
MM,South Central,11/27/2017,44388,89,79
MM,Northeast,11/30/2017,15600,17,33
MM,Chicago West,12/15/2017,37116,55,130
MM,Northeast,12/22/2017,46500,61,143
MM,South Central,9/13/2019,28800,60,75
MM,Chicago West,5/18/2017,19200,80,80
MM,Southeast,4/11/2018,64008,122,296
MM,Southeast,12/7/2018,26328,100,66
MM,South Central,7/10/2018,5040,100,12
MM,Southeast,10/18/2018,26868,55,61
MM,South Central,7/19/2018,33600,55,56
MM,South Central,9/13/2018,34176,64,74
MM,Northeast,10/4/2018,6240,150,26
MM,South Central,10/16/2018,29184,51,80
MM,South Central,12/12/2018,19200,31,34
MM,South Central,10/31/2018,35100,65,66
MM,South Central,7/30/2019,41580,127,99
MM,South Central,3/27/2020,35640,88,90
MM,Northeast,7/30/2019,30780,57,59
MM,South Central,6/28/2019,37440,70,76
MM,Northeast,3/11/2019,18360,60,41
MM,South Central,6/20/2019,55800,83,87
MM,Southeast,7/30/2019,24780,140,59
MM,Northeast,10/14/2019,30720,64,65
MM,Northwest,7/19/2019,5040,120,12
MM,South Central,9/24/2019,101521,180,292
MM,Northeast,1/24/2020,30120,200,75
MM,Northeast,12/31/2019,165444,315,376
MM,Southeast,12/6/2019,7920,123,53
MM,Chicago West,5/26/2017,30072,56,91
MM,Southeast,8/22/2017,9600,55,42
MM,South Central,3/29/2017,24960,96,57
MM,Southeast,10/10/2017,37800,100,75
MM,Southeast,11/6/2017,46608,65,79
MM,South Central,1/5/2018,27348,67,99
MM,Southeast,1/10/2018,44352,95,168
MM,Northeast,3/11/2016,33600,150,101
MM,Northeast,5/11/2017,17340,75,70
MM,Northeast,6/20/2017,25800,52,78
MM,Northeast,1/18/2018,11880,52,36
MM,South Central,6/21/2017,38124,110,130
MM,Southeast,11/27/2017,103200,120,305
MM,Northeast,3/28/2017,53088,60,239
MM,Northeast,9/30/2017,39060,62,66
MM,Southeast,8/22/2017,45936,70,91
MM,South Central,3/31/2020,58500,80,80
MM,Northeast,3/27/2020,31200,52,55
MM,Pittsburgh,2/21/2020,46248,94,82
MM,Southeast,6/16/2020,42444,140,103
MM,Chicago East,11/2/2017,20532,105,87
MM,Chicago West,11/27/2017,2700,6,10
MM,South Central,3/15/2018,0,85,71
MM,Northwest,5/22/2018,10140,63,28
MM,South Central,5/30/2020,168840,210,268
MM,Dallas,8/23/2019,24444,55,62
MM,Southwest,7/7/2020,56028,400,290
MM,Northeast,7/8/2020,8808,60,17
MM,Northwest,9/10/2019,23004,73,71
MM,North Central,12/11/2017,86400,200,302
MM,Southeast,9/17/2019,5040,188,23
MM,Northeast,12/22/2017,157464,200,382
MM,Northeast,8/14/2020,16800,60,28
MM,Northwest,6/27/2017,92400,205,223
MM,Northeast,3/17/2020,24300,90,48
MM,South Central,12/12/2017,12660,60,78
MM,South Central,10/10/2017,136068,300,642
MM,North Central,5/16/2017,20520,60,60
MM,South Central,3/23/2018,12960,88,45
MM,Los Angeles,12/10/2019,40440,98,82
MM,Tampa,5/4/2018,42120,85,106
MM,Southeast,10/4/2017,4320,84,12
MM,Ontario,2/27/2018,31800,60,56
MM,North Central,10/21/2017,4620,70,12
MM,Chicago West,9/13/2017,122688,100,295
MM,North Central,7/17/2017,18060,55,39
MM,Ontario,10/13/2017,89616,150,169
MM,Ontario,11/27/2017,10920,300,50
MM,Tampa,10/14/2017,19680,150,86
MM,North Central,10/10/2017,10680,60,17
MM,South Central,10/4/2017,20580,56,49
MM,Tampa,11/27/2017,82464,78,281
MM,Ontario,1/31/2018,28680,55,76
MM,Southeast,2/21/2018,13440,55,58
MM,Northeast,7/24/2019,42360,52,270
MM,Southeast,12/22/2017,12960,55,36
MM,Northeast,1/17/2018,2400,35,11
MM,North Central,1/23/2018,103704,200,174
MM,Dallas,7/27/2018,26856,71,74
MM,Southeast,4/16/2018,37560,55,76
MM,Southeast,3/9/2018,46080,180,193
MM,Tampa,2/4/2020,3060,223,15
MM,Ontario,2/27/2018,3240,82,87
MM,Minneapolis,5/25/2018,120360,125,202
MM,Ontario,3/28/2018,5568,235,31
MM,Ontario,11/19/2018,11520,40,40
MM,Chicago West,10/18/2018,20280,2,40
MM,Detroit,12/20/2018,52536,80,80
MM,Northeast,5/21/2019,31200,80,115
MM,Canada East,6/7/2019,69264,120,125
MM,Ontario,10/18/2019,19920,100,83
MM,Canada East,9/18/2019,95556,85,156
MM,Canada East,12/4/2019,42708,70,67
MM,Tampa,9/27/2019,50448,250,89
MM,Atlanta,3/27/2020,18900,110,55
MM,Ontario,6/30/2020,41760,150,120
MM,Houston,3/15/2019,81720,150,143
MM,South Central,8/13/2018,43920,122,122
MM,Ontario,12/27/2019,45552,80,102
MM,Southwest,11/27/2017,69600,82,130
MM,Southeast,7/26/2019,89880,120,185
MM,Canada East,5/26/2017,31356,55,57
MM,Southeast,11/30/2017,20964,100,73
MM,North Central,6/28/2017,13440,51,59
MM,Northeast,4/19/2018,34860,82,87
MM,Southwest,10/16/2017,165600,250,255
MM,Canada West,6/12/2018,38640,75,82
MM,Northeast,1/8/2018,14760,67,53
MM,Chicago West,11/27/2017,18900,57,30
MM,South Central,11/27/2017,10560,55,44
MM,South Central,11/6/2017,37140,115,143
MM,Pittsburgh,1/8/2018,46620,120,117
MM,Ontario,11/27/2017,29412,60,111
MM,Chicago East,11/28/2017,45408,120,136
MM,South Central,3/29/2019,33600,70,73
MM,Northeast,6/5/2017,54540,80,112
MM,Tampa,6/21/2017,22680,65,85
MM,Atlanta,9/5/2017,17850,500,59
MM,South Central,10/17/2017,39120,90,134
MM,Southeast,2/29/2020,56688,64,76
MM,Ontario,4/15/2020,26880,200,58
MM,Tampa,12/20/2019,28512,200,132
MM,South Central,2/4/2020,15540,30,37
MM,Alberta,2/20/2020,3624,200,12
MM,Northeast,9/21/2018,102240,203,215
MM,North Central,10/11/2017,19440,70,68
MM,Canada East,10/6/2017,36960,73,166
MM,South Central,2/17/2017,70680,115,184
MM,Detroit,2/28/2020,29520,150,66
MM,Southeast,12/5/2017,22704,55,96
MM,Southeast,6/6/2017,40392,115,156
MM,Northeast,7/5/2017,3360,124,18
MM,Northeast,5/4/2018,44184,66,122
MM,Northeast,9/28/2017,137664,237,467
MM,Northeast,6/21/2017,17220,85,42
MM,Minneapolis,6/19/2017,19740,57,84
MM,Detroit,3/19/2018,50640,56,230
MM,Northwest,3/12/2020,3120,60,13
MM,Pittsburgh,7/11/2018,11016,70,36
MM,South Central,9/1/2017,81432,260,332
MM,North Central,10/2/2017,18468,57,58
MM,Northeast,10/4/2017,6144,60,33
MM,Minneapolis,11/29/2017,141120,301,369
MM,Northeast,11/9/2017,33960,82,93
MM,South Central,4/28/2020,38136,110,82
MM,Northeast,11/6/2017,79632,250,240
MM,Northeast,5/2/2019,28656,90,103
MM,Northeast,11/13/2017,720,54,46
MM,Northeast,3/5/2018,19200,60,81
MM,Northeast,3/11/2019,8640,70,25
MM,Northeast,10/14/2019,42300,52,90
MM,Detroit,1/3/2018,2880,52,11
MM,Tampa,2/14/2020,57600,120,122
MM,North Central,4/30/2018,93444,225,232
MM,Detroit,3/28/2018,18480,60,78
MM,Alberta,3/28/2018,2160,200,9
MM,Northeast,1/7/2019,81480,154,197
MM,Northeast,7/2/2018,18156,55,71
MM,Detroit,9/19/2018,16140,83,30
MM,Northeast,9/10/2018,6480,75,19
MM,Northeast,2/14/2020,45216,140,54
MM,Southwest,6/17/2020,46500,160,109
MM,Columbus,11/27/2017,21252,70,59
MM,Northeast,9/8/2017,2940,80,7
MM,North Central,11/27/2017,26484,55,79
MM,North Central,11/27/2017,28140,82,70
MM,Northeast,3/25/2019,23760,172,144
MM,Northeast,3/14/2018,5040,60,29
MM,Northeast,3/28/2017,59640,200,178
MM,Phoenix,4/18/2018,4020,72,17
MM,Northeast,6/12/2018,13440,54,32
MM,South Central,10/31/2019,13440,173,32
MM,Chicago East,10/6/2017,39108,75,72
MM,South Central,8/29/2019,28992,63,86
MM,Atlanta,3/11/2019,36696,51,65
MM,South Central,8/31/2017,20160,60,70
MM,Chicago East,8/2/2017,45156,82,148
MM,Southeast,6/23/2017,18372,61,66
MM,Chicago East,9/10/2019,25800,52,55
MM,Alberta,7/21/2020,53064,92,96
MM,South Central,1/19/2018,44160,89,106
MM,Southeast,5/15/2018,111600,101,159
MM,Atlanta,8/30/2017,36660,60,113
MM,South Central,11/27/2017,27636,57,48
MM,South Central,10/18/2017,30816,74,85
MM,Southwest,11/25/2019,17844,56,50
MM,Atlanta,10/27/2017,17340,68,83
MM,South Central,11/12/2017,3888,12,12
MM,Chicago West,11/29/2017,15120,54,66
MM,South Central,4/29/2019,7524,80,21
MM,South Central,1/23/2018,68040,120,137
MM,Chicago West,12/21/2017,39756,68,76
MM,South Central,6/24/2019,24372,97,69
MM,Atlanta,2/22/2018,36312,65,89
MM,Tampa,6/27/2019,28560,62,50
MM,Northeast,3/29/2018,20160,118,56
MM,South Central,10/29/2019,32400,80,94
MM,Tampa,5/17/2018,7560,200,21
MM,Atlanta,8/22/2018,13140,236,64
MM,South Central,10/31/2018,44160,61,73
MM,South Central,1/29/2019,27300,90,66
MM,Atlanta,9/26/2018,39420,51,84
MM,Southeast,2/1/2019,20160,80,84
MM,Southeast,2/15/2019,81756,95,158
MM,Chicago East,5/22/2020,25980,55,46
MM,South Central,5/28/2019,21600,55,45
MM,North Central,5/1/2019,3600,80,15
MM,South Central,3/28/2019,8280,236,16
MM,Southeast,2/18/2019,14640,60,61
MM,Chicago East,7/15/2019,30240,65,62
MM,Southeast,6/3/2019,26880,58,65
MM,Northeast,7/27/2020,90432,200,169
MM,South Central,9/10/2019,33204,62,62
MM,Northeast,3/24/2020,47304,120,118
MM,Southwest,12/20/2019,14952,60,40
MM,Central,11/1/2019,13248,58,63
MM,Northeast,6/29/2020,52920,200,84
MM,South Central,3/27/2018,29832,85,75
MM,Northeast,7/27/2020,3780,150,10
MM,North Central,7/28/2020,15120,73,30
MM,South Central,11/27/2017,13176,64,65
MM,Phoenix,5/3/2018,4080,60,17
MM,North Central,7/29/2020,21000,53,50
MM,South Central,2/8/2018,2100,100,8
MM,Southeast,8/18/2017,20400,80,166
MM,Atlanta,11/29/2017,43200,65,122
MM,South Central,11/27/2017,17280,62,46
MM,South Central,11/25/2016,20220,60,55
MM,Tampa,11/2/2016,24372,60,69
MM,South Central,11/27/2017,13680,250,39
MM,South Central,2/22/2017,25620,59,59
MM,Southeast,3/16/2017,68100,118,274
MM,South Central,9/26/2018,4800,59,20
MM,Chicago West,11/27/2017,26160,55,62
MM,Atlanta,6/22/2017,167784,120,214
MM,South Central,3/30/2020,33000,55,56
MM,Southeast,6/23/2017,12900,120,43
MM,Northwest,9/11/2017,6840,160,19
MM,North Central,7/29/2020,1680,178,7
MM,North Central,4/30/2020,20760,56,56
MM,Northeast,4/29/2020,29700,60,45
MM,North Central,4/21/2020,21240,98,59
MM,Northwest,7/31/2020,74520,125,118
MM,North Central,7/31/2020,8412,10,10
MM,South Central,4/25/2019,26136,56,61
MM,South Central,2/28/2020,88200,100,132
MM,Northwest,5/27/2020,35640,66,70
MM,Southeast,1/24/2018,40500,75,93
MM,Los Angeles,4/18/2018,1680,102,8
MM,Southwest,6/13/2019,14400,100,46
MM,Northwest,9/30/2019,22080,196,47
MM,Northwest,10/2/2019,49980,95,71
MM,Northwest,8/31/2017,21840,90,91
MM,Northwest,9/12/2017,23508,55,90
MM,Northwest,11/27/2017,7560,140,18
MM,Northwest,8/14/2017,107736,267,562
MM,South Central,7/5/2017,0,57,71
MM,Northwest,1/31/2018,13200,55,111
MM,Northwest,7/17/2017,49056,140,160
MM,Seattle,11/28/2017,17220,60,41
MM,Seattle,12/12/2017,33358,60,77
MM,Northwest,11/27/2017,15792,60,52
MM,Southwest,8/10/2017,8436,119,37
MM,Northwest,12/11/2017,28740,100,115
MM,Northwest,10/6/2017,49572,115,129
MM,Northwest,11/3/2017,33156,75,86
MM,Los Angeles,8/15/2018,15960,63,58
MM,Southwest,3/26/2018,20376,59,63
MM,Northwest,11/7/2017,24540,57,98
MM,Northwest,10/26/2017,4560,400,20
MM,Southwest,11/22/2017,9360,80,89
MM,Southwest,5/21/2019,57336,125,83
MM,Southwest,12/3/2019,26880,60,58
MM,Southwest,2/13/2018,7560,60,19
MM,Phoenix,3/29/2018,35316,92,179
MM,Central,11/18/2019,95401,400,265
MM,Los Angeles,6/8/2018,6000,100,25
MM,South Central,8/31/2018,4620,100,11
MM,South Central,9/28/2018,20160,62,43
MM,Northwest,1/30/2019,29520,78,74
MM,Seattle,6/28/2019,6120,77,16
MM,Northwest,4/1/2019,43800,73,73
MM,Northwest,2/29/2020,11088,67,30
MM,Southwest,8/2/2020,63528,95,97
MM,North Central,2/28/2020,49980,119,122
MM,Los Angeles,1/23/2020,9000,70,16
MM,Northwest,9/26/2018,38760,125,88
MM,Phoenix,10/17/2017,45372,85,89
MM,Northwest,9/5/2017,21900,57,53
MM,Southwest,6/28/2018,33540,60,60
MM,Southwest,7/3/2019,6480,400,18
MM,Northwest,8/21/2017,52080,100,154
MM,Northwest,7/10/2017,27972,84,84
MM,Seattle,1/3/2018,24480,62,70
MM,Northwest,12/13/2017,56280,200,134
MM,Los Angeles,10/17/2017,4800,80,39
MM,Northwest,8/7/2017,6300,87,66
MM,Northwest,8/9/2017,24432,60,69
MM,Southwest,7/25/2018,13440,150,40
MM,Dallas,12/5/2017,60540,60,170
MM,Northwest,4/28/2017,22200,55,52
MM,Northwest,3/27/2017,24720,58,41
MM,Northwest,5/1/2017,36660,55,66
MM,Seattle,11/12/2019,6396,35,13
MM,Southwest,12/4/2019,10920,54,28
MM,Northwest,12/26/2017,64500,150,339
MM,Northwest,12/16/2019,12600,90,34
MM,Northwest,6/23/2020,30000,70,51
MM,Los Angeles,12/20/2019,3360,106,14
MM,Northwest,2/20/2020,10200,60,17
MM,Northwest,5/22/2020,21540,73,47
MM,Southwest,5/29/2020,37536,65,68
MM,Northeast,8/7/2020,15360,160,47
MM,Northwest,12/22/2017,23400,54,44
MM,Los Angeles,8/24/2017,135000,350,290
MM,Phoenix,3/15/2017,16392,51,46
MM,Northwest,9/12/2019,33000,57,56
MM,Northwest,1/31/2018,18432,64,48
MM,Northwest,2/14/2019,38160,55,55
MM,Dallas,11/28/2017,19200,55,78
MM,Northwest,8/23/2019,72600,100,188
MM,Northwest,1/12/2018,2880,55,8
MM,Dallas,10/24/2017,20820,53,45
MM,Northwest,1/17/2019,24120,51,54
MM,Southwest,4/16/2018,90300,82,237
MM,Northwest,9/24/2020,18060,52,50
MM,Southwest,11/19/2018,5880,102,14
MM,Dallas,9/30/2017,21120,57,72
MM,Phoenix,11/27/2017,29280,103,79
MM,Los Angeles,12/11/2019,42684,75,62
MM,Northwest,1/11/2018,63000,125,166
MM,Southwest,11/17/2017,42720,200,187
MM,Southwest,6/8/2018,35700,150,85
MM,Northwest,12/5/2017,2160,88,21
MM,Northwest,2/24/2020,37980,75,73
MM,OTHER,12/22/2017,14160,59,59
MM,Southwest,7/26/2018,67980,54,146
MM,Southwest,5/8/2018,55200,90,185
MM,Houston,3/28/2018,30240,60,99
MM,Southwest,8/12/2020,40032,80,58
MM,OTHER,6/15/2018,22320,80,93
MM,Northwest,6/28/2018,29400,56,51
MM,Northwest,8/20/2018,47940,60,121
MM,Northwest,3/25/2020,28860,57,57
MM,Southwest,2/17/2020,67860,217,78
MM,Southwest,6/28/2019,71100,169,233
MM,Southwest,8/12/2019,28800,54,48
MM,Southwest,12/2/2019,30000,55,49
MM,Northwest,1/8/2018,16920,75,50
MM,Southwest,9/12/2017,8400,69,34
MM,Southwest,3/31/2018,42060,200,118
MM,Southwest,5/12/2016,6480,110,37
MM,Southwest,10/21/2019,25584,58,59
MM,North Central,12/12/2017,5400,51,21
MM,Houston,12/7/2017,25560,60,71
MM,Southwest,10/26/2016,17640,53,44
MM,Northwest,12/3/2017,4320,70,21
MM,Northwest,5/11/2017,54000,100,183
MM,South Central,8/17/2020,75600,130,107
MM,Southwest,8/17/2020,15540,60,37
MM,Canada East,8/21/2020,50784,150,162
MM,Southwest,8/24/2020,17592,59,59
MM,Atlanta,8/26/2020,9864,55,15
MM,North Central,8/26/2020,27000,52,46
MM,Phoenix,8/25/2017,15420,51,45
MM,Dallas,8/31/2017,31920,75,78
MM,Houston,5/8/2018,23040,100,96
MM,Northwest,11/27/2017,79680,60,163
MM,Dallas,5/8/2018,36720,75,126
MM,Dallas,9/10/2018,36600,80,63
MM,Phoenix,4/30/2018,4860,81,14
MM,Alberta,4/24/2018,18900,90,63
MM,Ontario,1/9/2018,39036,120,129
MM,Alberta,5/17/2019,8220,68,24
MM,Los Angeles,7/18/2017,480,52,41
MM,Northwest,9/1/2017,40644,70,79
MM,Southwest,11/29/2019,41280,70,115
MM,Canada West,12/21/2017,13500,86,49
MM,Northwest,12/13/2018,2640,150,11
MM,Canada East,11/1/2017,11016,54,55
MM,Ontario,4/5/2018,15732,58,53
MM,Southwest,9/13/2017,120900,86,125
MM,Ontario,5/18/2018,75984,100,228
MM,Phoenix,10/5/2017,118200,150,199
MM,Southwest,9/26/2017,4740,70,16
MM,Dallas,11/27/2017,16560,60,67
MM,Southwest,12/30/2017,1920,60,8
MM,Canada West,6/28/2018,42000,100,100
MM,OTHER,11/25/2019,61908,100,109
MM,Houston,3/22/2018,21324,90,110
MM,North Central,3/12/2018,7680,60,32
MM,Southwest,12/10/2019,11760,70,50
MM,Southwest,4/18/2018,18000,100,80
MM,Alberta,8/9/2018,10320,60,22
MM,Houston,1/18/2019,840,66,6
MM,Southwest,10/31/2018,13680,56,59
MM,Alberta,5/14/2019,11760,123,50
MM,Alberta,1/2/2019,39000,70,74
MM,Southwest,1/14/2019,80400,55,168
MM,Alberta,4/5/2019,9600,100,41
MM,Los Angeles,6/26/2019,7488,90,47
MM,Southwest,4/18/2019,64176,225,155
MM,Southwest,8/29/2019,56136,100,109
MM,Alberta,8/1/2019,67368,55,118
MM,Alberta,9/30/2019,46080,60,125
MM,Northwest,8/16/2018,31320,62,62
MM,Northwest,2/5/2018,5964,72,36
MM,Houston,1/3/2019,25800,240,78
MM,Dallas,5/1/2019,37320,103,95
MM,Southwest,12/21/2017,4200,85,10
MM,Canada West,3/25/2019,31080,78,76
MM,Southwest,9/19/2018,25116,67,68
MM,Northwest,8/4/2017,14160,60,62
MM,Southwest,11/9/2017,77880,95,139
MM,Alberta,8/3/2016,13392,85,90
MM,Los Angeles,11/20/2016,23940,53,65
MM,South Central,11/27/2017,840,65,93
MM,Northwest,12/15/2017,29280,100,60
MM,Dallas,4/6/2018,14040,75,42
MM,Northwest,6/1/2017,70980,80,191
MM,Southwest,5/9/2017,43440,67,103
MM,Los Angeles,3/31/2018,13440,78,57
MM,Dallas,1/2/2018,10500,52,58
MM,Houston,3/20/2018,160380,450,523
MM,Phoenix,1/25/2017,39600,64,75
MM,Northwest,6/18/2020,107196,260,256
MM,Northwest,10/27/2017,7980,20,34
MM,Southwest,10/17/2017,39204,120,122
MM,OTHER,4/5/2017,7980,60,23
MM,Northwest,8/14/2017,19440,65,70
MM,Northwest,6/7/2017,5280,232,65
MM,Dallas,11/14/2017,25932,70,123
MM,Alberta,3/25/2020,11568,80,31
MM,Alberta,6/2/2020,19032,63,52
MM,South Central,6/9/2020,253200,420,350
MM,Canada West,12/11/2019,11400,60,61
MM,Canada West,12/19/2017,5400,70,15
MM,Northwest,4/30/2020,122040,150,146
MM,North Central,8/27/2020,18864,52,29
MM,Northwest,10/25/2017,29400,75,80
MM,Canada West,7/28/2017,31968,112,80
MM,Southwest,10/12/2018,62580,125,142
MM,Northwest,12/27/2017,54540,68,99
MM,Southwest,1/28/2019,35820,55,76
MM,Canada West,10/25/2019,47244,60,59
MM,Northwest,11/27/2017,10080,55,43
MM,Houston,8/28/2020,40320,420,236
MM,Northwest,10/22/2019,18516,55,28
MM,Southwest,3/27/2018,13224,60,58
MM,Southwest,9/20/2017,33936,165,104
MM,Northwest,9/5/2017,41952,100,139
MM,Southwest,7/6/2017,16380,60,39
MM,Southwest,7/31/2017,2520,40,8
MM,Southwest,7/28/2017,37800,100,157
MM,Dallas,12/22/2017,26700,60,117
MM,Dallas,10/16/2018,34548,60,88
MM,Southwest,7/28/2017,8400,30,45
MM,Southwest,8/2/2017,28980,100,71
MM,Northwest,4/3/2018,28716,339,66
MM,Phoenix,9/12/2017,7980,70,20
MM,OTHER,8/29/2020,14760,51,18
MM,Southwest,11/27/2017,66000,110,113
MM,Southwest,1/3/2018,5040,65,21
MM,Houston,3/7/2018,20580,200,49
MM,Southwest,11/29/2018,12960,55,58
MM,Southwest,12/13/2017,22680,51,74
MM,Houston,8/28/2018,41040,140,187
MM,Southwest,11/9/2018,156360,239,281
MM,Southwest,1/25/2018,50640,110,160
MM,Southwest,9/11/2020,41040,60,58
MM,Northwest,8/16/2019,20580,80,49
MM,Southwest,7/20/2018,3600,55,28
MM,Dallas,10/19/2018,29820,70,130
MM,Southwest,11/29/2018,38400,65,81
MM,Southwest,3/21/2019,34800,52,62
MM,Dallas,1/24/2019,26076,60,71
MM,Southwest,6/18/2019,8100,65,15
MM,Southwest,4/12/2019,19080,60,55
MM,South Central,4/30/2019,16680,100,57
MM,Southwest,9/11/2019,35400,58,59
MM,Southeast,8/31/2020,91200,120,120
MM,Southwest,9/19/2019,29940,65,67
MM,Southwest,12/17/2019,15000,99,26
MM,Dallas,1/7/2020,40128,100,135
MM,Northwest,3/31/2020,57600,80,83
MM,Dallas,12/7/2017,32772,79,105
MM,Southwest,1/7/2020,177000,263,304
MM,Southwest,11/27/2017,1200,225,129
MM,Dallas,4/1/2018,48000,118,141
MM,North Central,9/27/2016,9234,70,29
MM,Southwest,1/12/2018,40920,60,75
MM,Dallas,10/10/2017,13158,80,48
MM,Southwest,7/14/2017,83400,200,223
MM,Southwest,4/2/2019,35328,96,80
MM,North Central,7/18/2016,16200,280,31
MM,Houston,10/4/2017,36540,69,106
MM,Southwest,10/10/2017,43020,60,83
MM,Southwest,10/30/2019,10560,4,22
MM,South Central,2/6/2018,34200,55,94
MM,Northwest,12/28/2017,4680,95,13
MM,Northwest,12/16/2017,37980,61,68
MM,Northwest,9/27/2017,22740,59,61
MM,Dallas,11/27/2017,12480,59,53
MM,Northwest,11/11/2016,6840,250,27
MM,Southwest,10/2/2018,34656,85,117
MM,Houston,3/18/2020,21312,57,58
MM,OTHER,1/28/2020,9984,25,29
MM,Northwest,2/20/2020,42000,90,100
MM,South Central,2/25/2020,3420,13,6
MM,Southwest,3/16/2020,32760,55,60
MM,Southwest,4/10/2020,30000,64,51
MM,Southwest,5/22/2020,10548,150,18
MM,Southwest,5/13/2020,5184,55,14
MM,Southwest,4/30/2020,18000,70,50
MM,Houston,6/19/2020,26412,85,86
MM,Southwest,12/26/2017,12720,75,54
MM,Indianapolis,9/8/2020,8184,66,13
MM,Southwest,3/15/2018,26760,55,50
MM,Houston,11/27/2017,120972,200,367
MM,Dallas,3/24/2016,51480,95,169
MM,Northwest,9/13/2018,50568,100,166
MM,Northwest,11/27/2017,16560,53,46
MM,Northwest,8/28/2017,52920,56,181
MM,Dallas,7/28/2017,43824,61,117
MM,Southwest,9/17/2019,43920,55,69
MM,Chicago East,11/18/2019,61392,65,185
MM,Chicago East,9/28/2017,2496,10,8
MM,Chicago East,5/22/2017,25848,100,75
MM,Chicago East,10/24/2017,15360,95,67
MM,Central,8/11/2017,96252,70,180
MM,Chicago East,7/11/2017,8640,65,39
MM,Chicago West,3/23/2018,11952,55,80
MM,Chicago East,10/17/2017,6120,15,18
MM,Chicago West,8/16/2017,20580,55,54
MM,Chicago East,6/23/2018,2340,4,8
MM,Chicago West,9/13/2017,48828,70,139
MM,Chicago West,9/13/2017,44340,68,75
MM,Chicago East,12/26/2017,14736,57,70
MM,Chicago West,11/6/2017,53880,100,141
MM,Chicago East,9/30/2017,15720,60,50
MM,Chicago West,10/10/2017,13200,51,58
MM,Chicago East,10/13/2017,13440,96,95
MM,South Central,9/24/2019,17220,59,74
MM,Chicago East,9/11/2020,31176,130,130
MM,Chicago West,10/30/2019,20184,59,55
MM,Chicago West,1/22/2020,30564,54,65
MM,Chicago East,12/13/2017,47460,83,133
MM,Chicago East,12/15/2017,39060,80,112
MM,Chicago East,1/17/2018,2160,14,6
MM,Chicago East,12/15/2017,16080,20,35
MM,Chicago East,12/26/2017,1920,170,9
MM,Chicago East,2/14/2018,2940,70,73
MM,Chicago West,1/31/2018,40320,90,173
MM,Chicago East,2/23/2020,9420,1,44
MM,Central,6/25/2018,28512,72,67
MM,Chicago East,8/21/2018,35280,61,81
MM,Chicago West,7/26/2018,11340,5,32
MM,South Central,9/4/2018,35460,55,74
MM,South Central,4/5/2019,30240,51,65
MM,South Central,12/24/2018,33600,60,56
MM,Chicago West,12/29/2017,26820,81,141
MM,Chicago West,1/16/2019,52920,70,98
MM,Dallas,9/14/2020,6384,60,20
MM,Southeast,10/31/2019,33072,110,69
MM,Central,9/28/2017,36720,60,142
MM,Northeast,9/14/2020,3360,60,10
MM,Chicago West,3/17/2016,29700,56,100
MM,Chicago East,11/27/2017,16800,57,43
MM,South Central,9/14/2020,6048,100,18
MM,North Central,12/5/2017,13236,57,59
MM,South Central,3/27/2018,67800,120,241
MM,Central,1/22/2018,103680,100,469
MM,Chicago East,11/27/2017,33180,55,121
MM,Central,12/8/2017,27900,60,75
MM,Central,10/24/2017,28560,55,75
MM,Chicago East,11/27/2017,8400,100,20
MM,Chicago West,12/21/2017,27216,52,147
MM,Chicago West,8/21/2017,29004,59,62
MM,Northeast,9/15/2020,37800,90,90
MM,Chicago East,11/27/2017,21000,65,95
MM,Chicago East,11/27/2017,70800,100,153
MM,Central,6/7/2017,27864,61,89
MM,Chicago East,10/30/2017,45228,55,150
MM,Chicago West,12/4/2017,27936,75,63
MM,Central,4/18/2017,39600,195,183
MM,Chicago West,11/27/2017,43680,80,119
MM,Central,12/16/2019,13812,126,36
MM,South Central,1/8/2020,39276,70,130
MM,North Central,3/25/2020,11712,40,20
MM,Northeast,9/16/2020,2880,140,6
MM,Northwest,9/17/2020,35436,84,91
MM,Chicago West,9/11/2019,106572,210,220
MM,North Central,11/27/2017,19656,110,100
MM,North Central,4/6/2016,35580,55,68
MM,North Central,4/19/2017,69360,170,330
MM,North Central,12/18/2019,7920,100,13
MM,North Central,1/8/2018,17520,70,73
MM,North Central,10/28/2019,70200,180,184
MM,North Central,9/30/2019,126324,150,210
MM,Chicago East,5/15/2017,74328,120,228
MM,Chicago East,9/21/2020,8400,55,20
MM,Dallas,9/22/2020,38700,75,75
MM,Northwest,9/28/2017,160440,245,303
MM,Southeast,10/19/2017,4704,47,19
MM,Dallas,12/8/2017,18960,55,79
MM,Dallas,11/30/2017,21240,56,82
MM,Southwest,10/3/2018,43200,90,79
MM,Northwest,8/15/2018,17616,80,94
MM,Dallas,9/8/2017,31500,150,118
MM,Houston,9/23/2020,73200,145,101
MM,West,9/23/2020,151368,371,383
MM,North Central,11/13/2017,9840,154,41
MM,Northeast,11/27/2017,960,85,20
MM,Pittsburgh,10/23/2018,40320,130,84
MM,Minneapolis,2/12/2018,3600,200,83
MM,Northeast,6/29/2017,12156,53,46
MM,North Central,9/28/2017,37800,100,42
MM,Northeast,12/13/2017,24432,52,70
MM,South Central,9/28/2017,23520,125,102
MM,Northeast,12/27/2017,0,61,63
MM,South Central,1/2/2019,34200,60,57
MM,South Central,12/12/2017,20196,64,68
MM,Northeast,2/8/2018,24240,80,103
MM,South Central,10/18/2017,2100,7,7
MM,Northeast,1/31/2018,26040,62,64
MM,Minneapolis,3/1/2018,20640,234,86
MM,Northeast,4/26/2019,48576,55,107
MM,Minneapolis,11/5/2018,43200,300,126
MM,Northeast,1/23/2018,2520,86,7
MM,Minneapolis,8/14/2018,90708,110,222
MM,North Central,4/2/2019,5220,65,11
MM,South Central,8/31/2018,44640,100,168
MM,North Central,9/23/2020,49452,75,76
MM,Northwest,9/24/2020,2892,6,8
MM,Northeast,11/5/2018,3120,120,13
MM,Minneapolis,11/5/2018,1920,351,13
MM,Minneapolis,12/19/2018,107532,160,238
MM,Newark,5/21/2019,13572,150,31
MM,South Central,9/18/2019,37800,100,92
MM,Chicago West,3/8/2019,18360,54,49
MM,North Central,9/30/2019,36324,65,68
MM,Northeast,9/5/2019,51000,86,85
MM,South Central,5/3/2018,5760,76,21
MM,Northeast,7/25/2019,50976,85,113
MM,Newark,9/25/2017,8820,100,22
MM,Northwest,12/16/2019,20472,60,62
MM,South Central,11/28/2017,28872,73,105
MM,Central,9/18/2017,27900,230,139
MM,Northeast,3/12/2018,52680,84,97
MM,South Central,10/24/2017,33072,55,58
MM,South Central,6/17/2019,8880,66,37
MM,Indianapolis,2/5/2018,14400,58,75
MM,Northwest,11/15/2016,13224,72,33
MM,Chicago West,12/12/2017,34644,68,78
MM,Chicago East,8/17/2017,43560,65,81
MM,North Central,5/31/2017,13200,64,56
MM,Minneapolis,9/12/2017,42840,89,119
MM,Indianapolis,12/27/2017,18480,51,53
MM,Northeast,2/28/2017,33840,84,104
MM,Chicago West,12/12/2017,21240,58,58
MM,South Central,12/14/2018,42000,68,71
MM,North Central,4/15/2020,25200,60,61
MM,Chicago East,9/25/2020,24564,68,68
MM,Chicago West,5/24/2018,23052,53,69
MM,Minneapolis,9/14/2017,57600,440,388
MM,Northeast,1/28/2020,65364,105,233
MM,Northeast,2/28/2020,21600,80,20
MM,South Central,10/6/2020,21000,60,52
MM,Houston,10/13/2020,9360,300,32
MM,Northeast,2/28/2020,2868,80,6
MM,North Central,5/29/2020,85140,160,166
MM,Chicago West,10/15/2020,3840,150,24
MM,North Central,10/22/2020,13500,57,25
MM,Canada West,10/30/2020,19620,60,40
MM,North Central,10/30/2020,16404,55,55
MM,North Central,11/5/2020,4320,98,18
MM,Southwest,11/18/2020,0,317,15
MM,North Central,11/8/2019,27840,60,58
MM,North Central,7/27/2017,34068,75,103
MM,North Central,11/21/2017,15120,100,42
MM,Minneapolis,9/5/2017,35460,70,88
MM,South Central,3/26/2018,10080,65,42
MM,Northeast,6/28/2017,37500,138,174
MM,South Central,6/2/2017,25788,250,93
MM,North Central,11/27/2017,39420,70,66
MM,South Central,8/18/2017,14244,100,48
MM,Northeast,10/6/2017,47880,70,244
CMRL,Los Angeles,12/6/2017,20160,40,60
CMRL,Minneapolis,3/31/2018,21000,40,69
CMRL,Detroit,10/22/2020,3948,20,10
CMRL,Southwest,5/14/2018,19680,44,49
CMRL,North Central,11/27/2017,13440,25,27
CMRL,Northwest,1/3/2018,3840,50,18
CMRL,Canada West,9/28/2017,7980,21,21
CMRL,Northeast,12/19/2017,8136,31,49
CMRL,Southwest,8/25/2017,14700,20,36
CMRL,North Central,8/24/2017,1680,36,16
CMRL,Chicago East,11/27/2017,19080,28,56
CMRL,Detroit,3/20/2018,15000,25,39
CMRL,North Central,9/30/2017,10800,25,45
CMRL,North Central,7/25/2018,480,30,0
CMRL,Minneapolis,12/6/2017,26640,43,60
CMRL,South Central,3/5/2018,11940,26,35
CMRL,Chicago East,11/7/2017,22596,45,47
CMRL,Southwest,10/25/2017,5760,20,17
CMRL,North Central,1/23/2018,9960,20,19
CMRL,Southwest,11/27/2017,7776,20,24
CMRL,Los Angeles,11/6/2017,11820,30,35
CMRL,Southwest,2/26/2018,12600,37,34
CMRL,Dallas,11/29/2017,14400,28,44
CMRL,Indianapolis,1/9/2018,8820,21,24
CMRL,Northeast,11/21/2017,3996,21,58
CMRL,Southwest,12/4/2017,7980,20,21
CMRL,Northwest,11/30/2017,4224,22,22
CMRL,Northwest,12/11/2017,11340,20,28
CMRL,North Central,12/26/2017,10560,30,50
CMRL,Chicago West,11/25/2019,13200,20,21
CMRL,Dallas,12/27/2017,9360,25,39
CMRL,Minneapolis,12/19/2017,8880,27,45
CMRL,Chicago East,12/22/2017,3840,20,20
CMRL,Chicago West,12/22/2017,9000,20,25
CMRL,Southeast,1/8/2018,6000,25,24
CMRL,North Central,1/3/2018,7440,30,32
CMRL,Dallas,4/30/2018,10080,37,36
CMRL,Chicago East,1/16/2018,13932,24,32
CMRL,South Central,2/12/2018,10080,21,25
CMRL,Alberta,6/6/2018,7440,40,0
CMRL,Tampa,3/2/2018,14460,21,24
CMRL,South Central,3/5/2018,15360,24,38
CMRL,South Central,3/5/2018,12780,23,25
CMRL,South Central,3/29/2018,6000,25,25
CMRL,Dallas,3/30/2018,22320,40,65
CMRL,Chicago West,3/31/2018,26664,23,49
CMRL,Northwest,9/20/2019,12600,21,21
CMRL,Chicago East,5/17/2018,24840,23,39
CMRL,Southwest,6/28/2018,12600,24,31
CMRL,Southeast,7/10/2018,18060,22,22
CMRL,Southwest,6/28/2019,12480,26,28
CMRL,Chicago West,12/17/2018,7488,22,26
CMRL,Northeast,11/6/2018,17400,29,48
CMRL,Houston,3/30/2020,13200,22,25
CMRL,Chicago East,11/6/2018,7920,27,33
CMRL,Southwest,11/20/2018,4800,25,20
CMRL,South Central,12/14/2018,12600,29,37
CMRL,South Central,12/10/2018,960,22,6
CMRL,Northwest,12/26/2019,12180,29,30
CMRL,North Central,2/13/2019,10500,25,32
CMRL,Northeast,1/24/2019,19968,30,45
CMRL,South Central,4/4/2019,10584,37,31
CMRL,Southwest,4/12/2019,9600,21,20
CMRL,South Central,8/6/2019,10560,21,22
CMRL,Los Angeles,12/16/2019,1680,25,0
CMRL,Southeast,7/6/2020,4380,4,10
CMRL,South Central,8/27/2019,6120,20,15
CMRL,Newark,8/9/2019,13920,40,58
CMRL,Southwest,9/8/2019,23088,43,50
CMRL,Phoenix,9/30/2019,19200,40,40
CMRL,Southeast,11/12/2019,4200,25,10
CMRL,Northwest,8/7/2019,21852,30,35
CMRL,Detroit,4/17/2018,10560,35,46
CMRL,North Central,11/16/2017,15120,20,21
CMRL,Canada West,9/23/2019,29724,47,52
CMRL,Chicago East,1/31/2018,14880,30,34
CMRL,Northwest,4/24/2017,4800,20,28
CMRL,South Central,9/1/2017,6240,22,26
CMRL,Southwest,3/26/2020,13020,27,31
CMRL,Northeast,3/5/2018,3120,20,13
CMRL,Northwest,11/27/2017,5760,20,25
CMRL,Tampa,11/27/2017,5280,44,36
CMRL,Northeast,9/30/2017,16080,20,30
CMRL,Minneapolis,9/25/2019,4200,21,7
CMRL,North Central,4/22/2019,15600,32,26
CMRL,South Central,1/19/2018,360,45,39
CMRL,Indianapolis,11/27/2017,9660,30,25
CMRL,Northwest,11/30/2017,8520,21,24
CMRL,Northwest,6/15/2017,11760,20,39
CMRL,Chicago East,12/30/2017,5400,26,14
CMRL,Southeast,5/16/2018,25716,21,45
CMRL,South Central,10/14/2017,6840,35,59
CMRL,Southwest,1/28/2019,8400,20,19
CMRL,Atlanta,9/28/2017,27336,40,48
CMRL,Minneapolis,11/12/2017,7476,20,30
CMRL,Southeast,4/27/2020,11880,25,18
CMRL,Southwest,4/5/2019,9600,30,3
CMRL,Southeast,5/23/2017,9000,20,15
CMRL,Tampa,11/27/2019,16488,23,35
CMRL,North Central,12/16/2019,19800,35,35
CMRL,Northwest,1/7/2020,11424,25,32
CMRL,North Central,12/17/2019,13800,22,24
CMRL,Southeast,12/16/2019,8400,13,16
CMRL,Northwest,12/17/2019,10008,22,25
CMRL,Southwest,2/18/2020,14700,40,38
CMRL,Northwest,4/27/2020,8400,28,31
CMRL,Northeast,4/23/2020,7728,42,22
CMRL,Northeast,8/4/2020,1920,35,4
CMRL,South Central,5/19/2020,3240,26,10
CMRL,Canada East,9/9/2020,26400,43,45
CMRL,North Central,8/12/2020,4980,23,9
CMRL,Dallas,8/27/2020,9600,20,19
CMRL,Northeast,8/31/2020,15600,20,20
CMRL,Ontario,9/29/2020,6132,25,20
CMRL,South Central,7/29/2020,1080,23,3
CMRL,Southwest,10/20/2020,6768,22,24
CMRL,Northeast,11/30/2017,8280,26,24
CMRL,Chicago West,3/9/2018,12600,40,43
CMRL,Northeast,12/27/2019,27000,45,45
CMRL,Southeast,12/13/2017,12660,27,35
CMRL,Southwest,12/20/2016,960,20,4
CMRL,North Central,5/31/2019,11820,22,27
CMRL,Southeast,11/30/2017,11280,22,24
CMRL,Southwest,10/25/2017,10560,20,22
CMRL,Northeast,8/17/2017,20592,50,39
CMRL,Northwest,3/29/2018,20160,35,57
CMRL,Northeast,6/6/2018,11040,46,46
CMRL,Northeast,2/1/2018,5520,23,23
CMRL,Southwest,3/20/2018,9960,31,17
CMRL,Detroit,6/7/2018,5280,22,23
CMRL,Canada West,6/13/2018,1260,28,3
CMRL,Northwest,3/22/2019,14208,22,23
CMRL,Los Angeles,8/12/2016,9120,21,42
CMRL,Northeast,6/18/2020,8400,21,21
CMRL,Northwest,10/19/2020,4560,25,10
CMRL,Los Angeles,10/18/2018,3240,30,9
CMRL,Alberta,5/1/2018,1536,20,8
CMRL,South Central,4/30/2018,15768,30,31
CMRL,Atlanta,11/8/2017,10080,23,30
CMRL,Northeast,8/30/2017,16380,27,44
CMRL,Northwest,4/17/2019,3120,20,11
CMRL,Chicago East,2/18/2020,9636,23,21
CMRL,Dallas,12/14/2017,7560,28,29
CMRL,Northeast,8/17/2017,8160,30,38
CMRL,Southeast,9/5/2018,18480,22,32
CMRL,Canada West,11/28/2017,17880,41,62
CMRL,Southeast,8/15/2019,7020,26,28
CMRL,Detroit,10/9/2020,11040,27,23
CMRL,Canada East,8/20/2018,12024,32,47
CMRL,North Central,7/27/2017,7392,37,35
CMRL,Chicago West,9/30/2017,6240,30,49
CMRL,Detroit,10/24/2017,8820,25,45
CMRL,Northeast,8/22/2017,8100,34,47
CMRL,Canada West,12/26/2017,1920,23,8
CMRL,Dallas,2/6/2018,11340,35,31
CMRL,Southeast,2/10/2020,22800,34,38
CMRL,Ontario,9/12/2017,3120,20,16
CMRL,South Central,9/28/2017,8760,48,51
CMRL,Chicago West,10/21/2020,6000,25,25
CMRL,Alberta,12/19/2019,24420,32,37
CMRL,Northwest,10/17/2017,5280,22,22
CMRL,Tampa,10/17/2017,1440,35,6
CMRL,South Central,10/27/2017,3840,20,16
CMRL,South Central,1/31/2018,8640,20,25
CMRL,South Central,10/25/2017,6960,30,30
CMRL,Southeast,12/6/2017,13200,22,37
CMRL,Northeast,11/21/2017,10092,20,46
CMRL,Southwest,11/27/2017,11160,29,33
CMRL,Los Angeles,1/12/2018,4320,20,18
CMRL,Chicago East,12/13/2017,9576,21,24
CMRL,Canada West,12/6/2017,13680,50,63
CMRL,Indianapolis,11/21/2017,10728,27,35
CMRL,Northwest,11/28/2017,8064,40,43
CMRL,Northeast,12/20/2017,7560,23,22
CMRL,Northwest,12/27/2017,8928,36,32
CMRL,South Central,12/26/2017,6240,26,55
CMRL,Chicago West,12/22/2017,13440,46,10
CMRL,Northwest,12/20/2017,6480,28,22
CMRL,Northwest,1/18/2018,8400,22,22
CMRL,Chicago East,1/4/2018,19740,26,56
CMRL,Chicago West,6/29/2020,13860,35,33
CMRL,Northwest,12/22/2017,24300,30,60
CMRL,Tampa,7/10/2020,5616,27,9
CMRL,Dallas,12/2/2019,13920,25,19
CMRL,South Central,3/8/2018,7980,21,19
CMRL,North Central,1/4/2019,2520,45,7
CMRL,Dallas,11/8/2019,8712,20,28
CMRL,Northwest,3/13/2018,11040,30,30
CMRL,Northwest,3/14/2018,960,21,4
CMRL,Alberta,11/12/2019,9600,33,15
CMRL,Chicago West,4/10/2018,6300,22,24
CMRL,Southwest,6/11/2018,7920,38,33
CMRL,Alberta,7/18/2018,360,40,31
CMRL,Northwest,7/31/2019,1440,22,5
CMRL,Detroit,8/27/2018,5520,20,23
CMRL,Northeast,9/14/2018,2808,29,26
CMRL,South Central,9/28/2018,6468,20,19
CMRL,South Central,6/1/2020,2100,34,5
CMRL,Northwest,12/6/2018,5280,34,23
CMRL,South Central,12/7/2018,10800,20,30
CMRL,Houston,12/19/2018,30000,40,0
CMRL,Alberta,6/19/2019,23652,23,27
CMRL,Northwest,12/19/2019,24000,39,41
CMRL,Southwest,3/28/2019,9840,38,41
CMRL,Southwest,4/2/2019,0,36,0
CMRL,Dallas,9/5/2019,4992,35,23
CMRL,Southeast,3/25/2019,17160,21,24
CMRL,South Central,10/4/2019,15120,23,36
CMRL,Southwest,9/9/2019,4800,30,8
CMRL,Southwest,11/20/2019,1920,20,8
CMRL,South Central,10/17/2019,13104,34,40
CMRL,North Central,8/21/2018,13860,37,36
CMRL,Chicago West,3/11/2019,14256,20,53
CMRL,Tampa,11/6/2017,5880,22,19
CMRL,Chicago East,12/12/2017,480,20,5
CMRL,South Central,11/27/2017,4680,25,14
CMRL,Northeast,1/12/2018,12840,20,30
CMRL,North Central,11/9/2017,14940,34,39
CMRL,Northeast,11/28/2017,6960,30,29
CMRL,Southwest,5/3/2018,5760,20,24
CMRL,Alberta,9/27/2016,6240,22,27
CMRL,Canada West,1/24/2019,2160,20,8
CMRL,Southwest,11/9/2017,4560,20,20
CMRL,Canada East,11/27/2017,7980,24,29
CMRL,South Central,10/6/2017,15480,36,43
CMRL,Southeast,2/23/2017,8640,25,26
CMRL,Northwest,3/10/2020,8400,20,20
CMRL,Southwest,9/20/2016,1680,20,4
CMRL,Northwest,11/27/2017,1920,20,6
CMRL,Southwest,11/18/2019,13860,23,36
CMRL,Northwest,7/17/2017,19320,45,49
CMRL,Southeast,11/29/2017,50712,43,53
CMRL,South Central,3/16/2017,13824,42,47
CMRL,South Central,3/6/2017,5568,35,29
CMRL,South Central,1/31/2018,28488,40,47
CMRL,Los Angeles,5/1/2017,7200,20,21
CMRL,South Central,5/2/2017,16668,20,37
CMRL,North Central,6/26/2017,23520,46,57
CMRL,Southwest,11/18/2019,10130,36,36
CMRL,Canada East,12/9/2019,36060,21,53
CMRL,Chicago East,12/16/2019,1440,40,6
CMRL,South Central,12/23/2019,2100,20,10
CMRL,North Central,4/27/2020,19440,37,36
CMRL,Detroit,9/3/2020,9312,25,10
CMRL,Southwest,3/5/2020,2100,24,5
CMRL,Newark,2/21/2020,10140,28,13
CMRL,Ontario,4/13/2020,13788,24,25
CMRL,Southwest,8/21/2020,20340,20,27
CMRL,North Central,5/5/2020,32400,25,27
CMRL,Atlanta,5/8/2020,9024,25,25
CMRL,South Central,5/27/2020,13788,38,25
CMRL,Southeast,8/28/2020,14400,30,30
CMRL,Southwest,9/14/2020,1680,20,4
CMRL,Northwest,7/30/2020,9600,22,20
CMRL,North Central,7/2/2020,4884,22,11
CMRL,Southeast,9/30/2020,13500,27,25
CMRL,Northwest,5/24/2017,15204,38,59
CMRL,Dallas,9/16/2019,7392,47,34
CMRL,North Central,11/27/2017,18480,40,52
CMRL,South Central,3/25/2016,18900,23,49
CMRL,Southeast,4/26/2019,20280,31,34
CMRL,South Central,10/17/2019,16524,27,30
CMRL,Chicago West,9/13/2017,6960,31,31
CMRL,Northeast,4/16/2018,2160,22,6
CMRL,Northwest,4/18/2018,8119,30,37
CMRL,Southeast,4/14/2020,8400,40,20
CMRL,Southwest,7/18/2018,15840,40,36
CMRL,Northwest,8/30/2017,11040,20,24
CMRL,South Central,11/27/2017,6300,21,0
CMRL,Northwest,9/5/2017,8076,23,34
CMRL,Northeast,6/30/2017,7440,40,33
CMRL,South Central,10/11/2018,31200,30,58
CMRL,Northwest,9/13/2017,9696,21,29
CMRL,Southeast,8/5/2017,7728,20,24
CMRL,Ontario,6/26/2017,17160,30,32
CMRL,Northeast,8/1/2017,13680,40,38
CMRL,South Central,7/17/2017,10416,26,32
CMRL,Northeast,10/20/2017,9420,22,20
CMRL,Northwest,8/8/2017,8280,21,21
CMRL,Minneapolis,10/17/2017,3840,20,16
CMRL,Southwest,8/18/2017,23640,21,21
CMRL,Northwest,9/12/2017,13200,20,24
CMRL,Southwest,2/25/2020,12000,45,23
CMRL,Chicago West,9/28/2017,7980,25,19
CMRL,Chicago East,6/11/2019,11892,26,33
CMRL,Southwest,10/19/2017,9600,30,40
CMRL,Chicago East,10/19/2017,1260,25,31
CMRL,Northwest,12/27/2018,19260,21,67
CMRL,Southeast,11/1/2017,18096,20,34
CMRL,Dallas,12/11/2017,3780,23,21
CMRL,Canada West,8/30/2019,2940,30,8
CMRL,Minneapolis,11/13/2017,10080,22,30
CMRL,Ontario,12/8/2017,8400,34,63
CMRL,Northwest,11/30/2017,6480,33,32
CMRL,Chicago West,12/7/2017,7980,22,23
CMRL,Southwest,12/6/2019,2832,31,13
CMRL,North Central,11/27/2017,6216,37,37
CMRL,Southwest,10/7/2020,8064,22,21
CMRL,Northwest,12/5/2017,11520,23,51
CMRL,Houston,5/1/2019,16200,30,24
CMRL,Los Angeles,11/20/2018,720,25,3
CMRL,Northwest,1/30/2018,8700,30,26
CMRL,Northwest,2/28/2018,18360,29,51
CMRL,Ontario,3/13/2018,0,36,30
CMRL,Southwest,3/5/2018,1680,50,7
CMRL,South Central,9/19/2018,4320,20,21
CMRL,Dallas,3/19/2018,10800,20,29
CMRL,Northeast,3/22/2018,16320,24,43
CMRL,Seattle,4/26/2019,14280,34,37
CMRL,Southwest,3/26/2018,10920,24,26
CMRL,Southwest,4/4/2018,12600,35,97
CMRL,Northwest,5/16/2018,8280,20,22
CMRL,South Central,5/30/2018,480,20,2
CMRL,Southeast,3/2/2020,9000,25,25
CMRL,Seattle,6/12/2018,22080,40,42
CMRL,Tampa,3/25/2020,8496,34,17
CMRL,Northeast,7/18/2018,14820,30,25
CMRL,Houston,9/13/2019,2388,26,9
CMRL,South Central,7/25/2018,13860,35,33
CMRL,North Central,3/9/2020,12000,24,20
CMRL,South Central,12/6/2019,8220,25,17
CMRL,Ontario,12/11/2018,1680,20,8
CMRL,Canada West,10/30/2020,24432,41,41
CMRL,Southeast,1/3/2019,22560,40,47
CMRL,Southwest,1/30/2019,22800,44,39
CMRL,North Central,11/29/2019,19620,35,39
CMRL,Northeast,11/2/2018,8688,32,23
CMRL,Newark,11/20/2018,14040,42,38
CMRL,Northwest,11/30/2018,18720,45,42
CMRL,Ontario,12/11/2018,5376,28,28
CMRL,South Central,2/26/2019,1920,20,8
CMRL,North Central,4/29/2019,22872,36,37
CMRL,Chicago East,5/29/2019,21564,50,39
CMRL,Newark,7/10/2019,4800,30,8
CMRL,Southwest,7/22/2019,6720,35,18
CMRL,Southeast,12/23/2019,6204,24,16
CMRL,South Central,3/4/2020,6240,26,26
CMRL,North Central,11/7/2019,6540,25,19
CMRL,Southeast,9/26/2019,13812,30,34
CMRL,Los Angeles,10/23/2019,1680,25,5
CMRL,Northwest,10/24/2019,6300,28,15
CMRL,Northeast,5/30/2019,2940,20,7
CMRL,Southeast,10/10/2017,15420,30,42
CMRL,Houston,3/10/2016,1920,30,21
CMRL,Northwest,12/22/2017,9240,22,22
CMRL,South Central,2/21/2019,13680,32,27
CMRL,North Central,12/26/2017,5616,35,26
CMRL,Northeast,7/23/2018,17220,28,37
CMRL,Chicago West,12/21/2017,7908,40,35
CMRL,Northeast,3/17/2017,6840,22,22
CMRL,Chicago West,11/27/2017,14400,31,39
CMRL,Los Angeles,12/13/2017,14760,42,10
CMRL,South Central,12/9/2019,18480,40,36
CMRL,North Central,1/26/2017,7920,20,22
CMRL,Northeast,11/27/2017,11196,31,41
CMRL,North Central,3/8/2018,23100,45,56
CMRL,Southeast,5/19/2017,6840,20,19
CMRL,Los Angeles,12/27/2018,0,30,0
CMRL,Southwest,3/4/2017,4704,30,14
CMRL,Northwest,10/24/2017,2520,40,7
CMRL,Ontario,5/25/2017,24180,45,44
CMRL,Houston,4/5/2017,12240,45,39
CMRL,Los Angeles,4/12/2017,3600,25,15
CMRL,Northeast,3/11/2019,24000,40,41
CMRL,North Central,4/20/2017,9720,30,27
CMRL,Detroit,5/22/2017,21360,20,56
CMRL,North Central,10/7/2020,3360,22,9
CMRL,Southeast,11/26/2019,14460,20,27
CMRL,Chicago East,12/19/2019,9600,25,16
CMRL,Los Angeles,12/19/2019,7200,35,32
CMRL,Chicago East,2/28/2020,6720,20,17
CMRL,Southwest,6/10/2020,5412,30,15
CMRL,Alberta,5/1/2020,1680,30,4
CMRL,North Central,7/17/2020,5460,31,15
CMRL,Chicago East,5/12/2020,5280,22,22
CMRL,Detroit,5/29/2020,18900,21,20
CMRL,Northwest,6/25/2020,22776,35,35
CMRL,South Central,8/26/2020,1260,25,3
CMRL,North Central,8/11/2020,1260,30,3
CMRL,Northeast,9/8/2020,19476,26,28
CMRL,Southeast,9/25/2020,15600,20,20
CMRL,South Central,6/30/2020,9240,20,22
CMRL,Canada West,10/7/2020,3876,20,19
CMRL,Southeast,7/9/2020,16800,25,33
CMRL,Dallas,10/19/2020,0,40,41
CMRL,North Central,7/29/2020,1152,45,5
CMRL,North Central,8/29/2020,6396,22,19
CMRL,Northwest,3/28/2018,2400,20,10
CMRL,Chicago East,7/11/2017,15120,45,42
CMRL,Los Angeles,7/25/2018,2160,40,9
CMRL,Northwest,11/27/2017,9600,20,28
CMRL,Northwest,11/6/2017,18312,30,61
CMRL,Southwest,9/11/2019,2760,33,6
CMRL,Minneapolis,5/7/2018,23580,35,56
CMRL,Tampa,5/16/2018,11820,30,34
CMRL,Southwest,6/4/2019,7860,43,18
CMRL,Southwest,1/15/2018,17820,29,33
CMRL,Northeast,9/28/2017,26304,41,46
CMRL,Southwest,8/22/2017,21120,21,35
CMRL,Southwest,9/28/2017,13200,20,22
CMRL,North Central,7/10/2020,20160,44,48
CMRL,Northeast,10/20/2017,9396,25,38
CMRL,Canada East,11/27/2017,10944,35,58
CMRL,Dallas,1/25/2018,7680,21,41
CMRL,South Central,1/9/2018,7560,45,21
CMRL,Northwest,2/19/2018,9744,30,25
CMRL,Northwest,12/8/2017,2100,22,5
CMRL,Chicago West,7/29/2020,27924,35,45
CMRL,Dallas,5/14/2018,16980,40,47
CMRL,Los Angeles,8/16/2019,720,20,3
CMRL,Los Angeles,12/30/2017,14340,37,39
CMRL,Northeast,3/26/2019,2100,31,44
CMRL,Los Angeles,1/25/2018,15276,24,27
CMRL,Los Angeles,2/28/2018,10080,21,24
CMRL,North Central,4/3/2018,1800,32,5
CMRL,Los Angeles,5/24/2018,7920,26,33
CMRL,South Central,11/4/2019,2520,35,6
CMRL,Northeast,6/28/2019,3672,20,12
CMRL,Houston,7/2/2018,15240,23,24
CMRL,Northwest,5/31/2019,11340,35,29
CMRL,Los Angeles,7/17/2018,8280,20,26
CMRL,Southwest,8/6/2018,0,25,3
CMRL,Southeast,8/29/2019,27720,35,66
CMRL,Detroit,1/23/2019,12600,30,0
CMRL,Southwest,1/3/2020,8400,20,20
CMRL,Alberta,12/23/2019,20100,25,26
CMRL,Southeast,2/25/2019,12600,21,21
CMRL,Ontario,2/21/2019,7920,20,22
CMRL,Northeast,3/15/2019,10944,30,30
CMRL,Chicago East,3/27/2019,960,20,4
CMRL,Southeast,4/19/2019,2400,25,5
CMRL,Southeast,10/9/2019,9000,20,14
CMRL,Canada West,5/20/2019,10344,20,20
CMRL,Northeast,9/5/2019,7512,23,20
CMRL,Dallas,8/30/2019,16428,30,23
CMRL,North Central,10/9/2019,16200,30,27
CMRL,Seattle,6/18/2020,9900,20,19
CMRL,Southeast,5/23/2017,12960,30,69
CMRL,Northeast,1/30/2017,10800,29,30
CMRL,Phoenix,11/2/2020,15048,22,24
CMRL,Newark,11/21/2017,20400,29,33
CMRL,Southeast,7/13/2018,14160,20,22
CMRL,Southwest,3/19/2018,9660,32,46
CMRL,North Central,6/8/2017,9720,45,20
CMRL,Southwest,3/1/2017,960,20,7
CMRL,Northwest,6/24/2020,16800,20,20
CMRL,South Central,9/15/2020,3780,23,9
CMRL,Northwest,1/10/2019,4320,25,19
CMRL,Southwest,11/18/2019,1908,24,5
CMRL,Ontario,2/19/2020,11340,27,27
CMRL,Northeast,12/26/2019,8820,22,22
CMRL,South Central,3/11/2020,19824,27,30
CMRL,Southwest,2/5/2020,20352,32,34
CMRL,Los Angeles,1/21/2020,34440,23,46
CMRL,Northwest,1/24/2020,4800,20,8
CMRL,Southwest,6/26/2020,12600,20,29
CMRL,Northeast,2/29/2020,13020,30,24
CMRL,Southwest,3/16/2020,8820,21,20
CMRL,Atlanta,6/17/2020,7800,25,26
CMRL,Southeast,4/21/2020,16320,21,23
CMRL,Northwest,7/2/2020,17640,40,43
CMRL,Ontario,5/19/2020,15048,25,26
CMRL,North Central,6/4/2020,4200,26,10
CMRL,Southeast,8/20/2020,15600,27,28
CMRL,Northeast,6/4/2020,6840,22,13
CMRL,Southwest,5/19/2020,24180,36,32
CMRL,Northwest,6/18/2020,1680,33,4
CMRL,Southwest,6/23/2020,24960,40,42
CMRL,Seattle,7/6/2020,1260,23,3
CMRL,South Central,9/2/2020,14280,24,27
CMRL,Southwest,9/30/2020,9024,41,25
CMRL,Southwest,9/25/2020,20820,25,30
CMRL,Northeast,9/18/2020,5472,20,12
CMRL,North Central,12/21/2017,5040,20,23
CMRL,Southwest,9/11/2020,15000,38,38
CMRL,North Central,11/5/2019,17844,35,37
CMRL,Canada West,1/24/2020,12552,25,22
CMRL,Northeast,10/24/2018,13860,31,34
CMRL,Southwest,1/30/2019,3600,23,15
CMRL,Dallas,10/8/2019,12600,21,38
CMRL,Ontario,8/22/2019,9156,24,24
CMRL,Northwest,10/19/2020,10920,20,19
CMRL,Southeast,9/10/2018,14784,35,32
CMRL,Dallas,6/23/2018,13380,40,37
CMRL,South Central,5/2/2018,14700,24,23
CMRL,Northeast,9/30/2019,27000,45,45
CMRL,Northwest,9/12/2017,7680,45,40
CMRL,North Central,3/25/2019,26400,38,44
CMRL,Chicago East,12/12/2017,28500,25,54
CMRL,Southwest,7/19/2017,17400,29,30
CMRL,Northwest,6/6/2019,10152,22,39
CMRL,Northeast,12/30/2019,23892,35,42
CMRL,Chicago East,8/25/2017,9240,34,22
CMRL,Southwest,11/6/2017,11760,40,50
CMRL,Alberta,9/24/2019,6744,20,19
CMRL,Northwest,11/2/2017,17640,45,51
CMRL,Southwest,4/30/2018,9660,47,34
CMRL,Southwest,12/7/2017,26160,25,53
CMRL,South Central,10/24/2017,5760,28,31
CMRL,Pittsburgh,11/21/2017,4800,20,20
CMRL,Northeast,11/9/2019,12120,33,31
CMRL,Northeast,11/12/2017,8880,40,20
CMRL,Chicago West,11/17/2017,9600,40,37
CMRL,Chicago East,10/22/2018,5952,20,0
CMRL,Canada West,12/14/2017,13320,45,44
CMRL,Chicago West,12/7/2017,21060,45,81
CMRL,Southeast,12/14/2017,7980,24,29
CMRL,Chicago West,12/14/2017,13500,22,3
CMRL,Newark,12/29/2017,12672,31,37
CMRL,Northeast,1/3/2018,12900,30,48
CMRL,Dallas,12/21/2017,13956,24,39
CMRL,Los Angeles,1/5/2018,0,25,4
CMRL,Southeast,1/26/2018,18360,25,27
CMRL,North Central,1/26/2018,1080,22,3
CMRL,Chicago West,2/9/2018,5652,30,37
CMRL,North Central,2/16/2018,14040,20,32
CMRL,South Central,3/23/2018,9000,30,15
CMRL,Southwest,8/30/2019,9960,22,23
CMRL,South Central,8/7/2018,12180,21,30
CMRL,Canada West,6/27/2018,7440,40,33
CMRL,Southwest,6/10/2019,14400,38,24
CMRL,Northeast,11/6/2018,12840,25,29
CMRL,Tampa,10/16/2018,14412,30,67
CMRL,Southwest,3/11/2019,11760,40,28
CMRL,South Central,4/2/2019,13200,22,29
CMRL,Southwest,8/10/2020,18000,30,0
CMRL,Houston,4/29/2020,20280,22,26
CMRL,Southwest,6/10/2020,13704,32,39
CMRL,Southwest,7/30/2020,6960,33,30
CMRL,Northeast,6/23/2020,12000,23,25
CMRL,South Central,9/4/2020,1200,24,5
CMRL,Detroit,6/29/2020,10080,23,22
CMRL,Northwest,7/15/2020,720,30,3
CMRL,Tampa,10/23/2020,33540,32,49
CMRL,Ontario,9/30/2020,13200,20,22
CMRL,Southwest,8/7/2020,7140,20,17
CMRL,North Central,1/4/2018,6300,26,18
CMRL,Southwest,5/22/2019,12540,22,26
CMRL,Chicago East,2/28/2018,4380,25,17
CMRL,Northwest,5/19/2016,13200,25,10
CMRL,Southeast,7/28/2017,22320,44,46
CMRL,Northwest,11/27/2017,18840,35,45
CMRL,Chicago East,1/15/2018,5520,45,25
CMRL,Chicago West,8/21/2020,10584,32,36
CMRL,South Central,11/22/2017,25920,44,51
CMRL,Chicago West,1/15/2020,3840,20,18
CMRL,Northwest,1/26/2018,2160,25,12
CMRL,North Central,6/18/2018,6732,40,20
CMRL,Alberta,10/4/2018,2880,20,15
CMRL,Southeast,9/11/2018,15000,30,25
CMRL,South Central,9/28/2017,9216,38,36
CMRL,Northwest,9/7/2017,16980,35,40
CMRL,South Central,7/13/2017,16920,35,42
CMRL,South Central,6/30/2017,8400,22,25
CMRL,Atlanta,7/3/2018,21180,36,42
CMRL,Alberta,6/2/2020,13440,35,28
CMRL,Seattle,8/1/2017,6312,30,29
CMRL,Southwest,2/12/2018,12960,28,42
CMRL,South Central,8/17/2017,0,26,32
CMRL,South Central,12/11/2019,2940,30,7
CMRL,Northwest,11/29/2018,5040,25,52
CMRL,North Central,10/3/2017,9660,45,22
CMRL,Northwest,6/30/2020,19500,25,31
CMRL,Chicago East,10/17/2017,14400,30,53
CMRL,Northwest,10/12/2017,2880,20,14
CMRL,Northwest,12/11/2017,7908,20,22
CMRL,Northwest,12/26/2017,9000,25,28
CMRL,Chicago East,12/22/2017,22260,32,52
CMRL,South Central,11/9/2017,3108,30,8
CMRL,Minneapolis,11/22/2017,10140,30,30
CMRL,Southeast,11/21/2017,17400,30,37
CMRL,Chicago East,11/2/2017,10800,30,40
CMRL,Northwest,1/15/2020,6720,20,16
CMRL,North Central,12/13/2017,7200,36,20
CMRL,North Central,11/8/2017,13440,40,40
CMRL,Southwest,2/1/2018,6192,30,37
CMRL,South Central,11/29/2017,22668,24,37
CMRL,Chicago West,11/1/2019,9600,20,24
CMRL,South Central,12/26/2017,13380,30,24
CMRL,Dallas,12/12/2017,11256,22,31
CMRL,Northeast,2/3/2018,1440,25,4
CMRL,Northeast,4/1/2019,0,23,35
CMRL,Northeast,6/12/2019,4080,40,20
CMRL,Ontario,7/2/2019,13200,37,33
CMRL,South Central,3/24/2020,13020,20,31
CMRL,South Central,1/4/2018,8004,32,24
CMRL,Southwest,7/31/2020,9720,30,49
CMRL,South Central,1/22/2018,16608,24,27
CMRL,Northwest,2/9/2018,720,25,3
CMRL,Chicago West,4/1/2019,25080,45,63
CMRL,Southeast,2/27/2018,8280,21,23
CMRL,Southeast,3/16/2018,5460,20,13
CMRL,South Central,4/6/2018,10860,25,27
CMRL,Atlanta,12/19/2018,10704,22,46
CMRL,Southeast,6/14/2018,21420,43,51
CMRL,Minneapolis,8/23/2018,720,20,3
CMRL,Alberta,2/27/2020,3840,20,17
CMRL,Detroit,8/13/2018,16344,20,35
CMRL,North Central,5/11/2020,5520,31,23
CMRL,Southeast,12/5/2018,16200,27,27
CMRL,Southwest,1/23/2019,2880,22,13
CMRL,Dallas,11/26/2018,9120,24,45
CMRL,Ontario,1/18/2019,10200,34,21
CMRL,Alberta,12/3/2018,20160,33,34
CMRL,Northwest,1/24/2019,14280,25,33
CMRL,South Central,8/29/2020,13500,25,25
CMRL,Northwest,4/2/2019,6360,20,11
CMRL,Southeast,1/30/2020,3588,26,6
CMRL,North Central,10/24/2019,4800,30,20
CMRL,Northeast,7/19/2019,1440,20,6
CMRL,Seattle,6/28/2019,10368,20,20
CMRL,Los Angeles,3/12/2019,5460,25,13
CMRL,Atlanta,6/5/2019,16200,26,27
CMRL,Southeast,5/9/2019,13800,22,25
CMRL,Canada West,8/1/2019,14100,31,34
CMRL,Tampa,1/10/2020,9348,25,25
CMRL,South Central,11/11/2019,0,20,5
CMRL,Northeast,2/28/2020,10752,32,35
CMRL,Dallas,10/18/2019,15540,25,39
CMRL,South Central,11/29/2019,10812,25,21
CMRL,Alberta,11/7/2019,23124,42,44
CMRL,North Central,11/27/2017,10020,30,34
CMRL,Chicago East,6/30/2017,23280,40,88
CMRL,South Central,10/2/2020,15792,28,40
CMRL,North Central,7/9/2020,12000,25,25
CMRL,Southwest,11/8/2017,6936,25,34
CMRL,South Central,12/5/2018,21960,35,38
CMRL,Southwest,10/19/2017,1920,25,8
CMRL,Chicago West,12/15/2017,17880,20,28
CMRL,Northwest,2/23/2018,8400,23,24
CMRL,Tampa,8/31/2017,7200,40,34
CMRL,North Central,12/22/2017,19440,34,37
CMRL,Northwest,11/27/2017,4320,23,14
CMRL,Newark,3/9/2017,8820,30,24
CMRL,Northwest,7/10/2017,10872,37,44
CMRL,Southwest,10/12/2017,8400,35,36
CMRL,Northwest,3/29/2017,14580,34,42
CMRL,Northwest,12/11/2017,32436,28,56
CMRL,North Central,1/12/2017,32100,45,53
CMRL,Ontario,2/7/2020,25800,30,49
CMRL,South Central,8/31/2017,23100,50,47
CMRL,Newark,2/28/2017,1800,7,7
CMRL,South Central,5/1/2017,10860,25,33
CMRL,Northwest,3/21/2017,12840,20,24
CMRL,Southwest,10/17/2017,13440,50,50
CMRL,Southwest,5/18/2017,10848,23,24
CMRL,South Central,12/19/2019,4620,30,8
CMRL,Ontario,12/9/2019,13200,25,23
CMRL,Northwest,12/13/2019,25140,41,58
CMRL,Southwest,12/13/2019,10920,22,22
CMRL,Southeast,12/19/2019,12600,38,21
CMRL,Alberta,3/3/2020,7728,20,23
CMRL,Southwest,3/23/2020,17688,21,23
CMRL,Southwest,2/27/2020,6300,25,15
CMRL,Northwest,3/17/2020,13200,21,25
CMRL,South Central,4/9/2020,960,25,4
CMRL,Southwest,4/28/2020,13824,35,37
CMRL,Pittsburgh,3/25/2020,22176,30,31
CMRL,Alberta,10/19/2020,12480,26,26
CMRL,Northwest,5/12/2020,11208,25,17
CMRL,Northwest,6/18/2020,7308,21,21
CMRL,North Central,7/6/2020,8640,20,18
CMRL,Southwest,5/29/2020,12000,25,26
CMRL,Southeast,7/27/2020,12000,20,20
CMRL,Ontario,9/23/2020,16824,25,26
CMRL,Northeast,8/25/2020,24360,40,41
CMRL,Chicago East,9/8/2020,4200,40,10
CMRL,Southwest,10/27/2020,15696,29,29
CMRL,Southeast,9/16/2020,6720,28,28
CMRL,Northwest,10/19/2017,12720,40,52
CMRL,Southeast,4/30/2020,20736,45,48
CMRL,Chicago West,2/13/2018,34320,32,82
CMRL,Southwest,9/2/2016,5184,21,39
CMRL,South Central,10/19/2017,11700,22,55
CMRL,Chicago East,11/27/2017,9720,29,37
CMRL,Southeast,4/8/2020,12480,32,33
CMRL,Los Angeles,4/19/2017,15840,50,90
CMRL,Northwest,4/18/2017,12480,40,55
CMRL,Southwest,3/22/2018,5280,30,22
CMRL,Northwest,1/15/2018,2880,30,17
CMRL,Chicago East,10/17/2017,27216,45,56
CMRL,South Central,10/15/2020,25620,35,35
CMRL,North Central,10/23/2020,3360,20,8
CMRL,Northwest,9/4/2019,9120,28,41
CMRL,Northwest,6/30/2020,15000,40,40
CMRL,South Central,6/28/2019,0,31,0
CMRL,Seattle,7/7/2020,4260,20,10
CMRL,Northeast,7/10/2017,0,20,15
CMRL,Southwest,11/29/2017,3960,23,37
CMRL,Northwest,3/28/2019,11520,36,35
CMRL,Canada West,2/6/2019,9240,22,22
CMRL,South Central,12/26/2017,6840,30,30
CMRL,North Central,2/6/2018,7080,26,26
CMRL,Northeast,10/17/2017,10440,31,30
CMRL,North Central,8/28/2017,12960,29,31
CMRL,Southwest,4/19/2019,30720,36,46
CMRL,Northwest,9/12/2017,7560,25,20
CMRL,Columbus,9/21/2017,18600,20,58
CMRL,Chicago West,10/19/2017,8280,20,23
CMRL,Canada West,2/4/2020,9240,20,22
CMRL,Los Angeles,9/25/2017,8760,22,24
CMRL,Northwest,6/18/2018,9240,23,23
CMRL,South Central,9/30/2017,6420,20,14
CMRL,Chicago West,1/25/2018,1200,20,5
CMRL,South Central,11/29/2017,12960,24,31
CMRL,Southwest,10/17/2017,8640,25,36
CMRL,Southeast,10/18/2017,1440,20,6
CMRL,South Central,10/26/2017,10920,20,52
CMRL,Chicago East,10/19/2017,240,20,4
CMRL,North Central,10/27/2017,6480,22,27
CMRL,Detroit,11/27/2017,11160,20,31
CMRL,Chicago West,11/3/2017,8400,31,25
CMRL,Northwest,11/29/2017,7920,24,33
CMRL,Southwest,1/3/2018,6000,25,25
CMRL,Northwest,12/11/2017,6480,21,19
CMRL,Los Angeles,2/27/2018,11880,33,35
CMRL,Southeast,12/21/2017,1080,22,4
CMRL,Dallas,12/26/2017,18600,27,53
CMRL,Los Angeles,12/26/2017,6504,28,29
CMRL,Chicago West,12/20/2017,4320,35,12
CMRL,Chicago West,6/10/2020,4200,22,15
CMRL,Southwest,1/9/2018,4812,24,25
CMRL,Atlanta,2/28/2018,25620,43,55
CMRL,South Central,6/6/2018,5112,20,20
CMRL,Northwest,6/6/2018,7560,20,18
CMRL,Southwest,4/16/2018,19836,40,61
CMRL,North Central,3/28/2018,7140,21,38
CMRL,Southeast,6/6/2018,14790,30,36
CMRL,Northwest,6/25/2018,4800,21,20
CMRL,Northeast,10/18/2018,6000,20,10
CMRL,Southwest,10/24/2018,6912,20,16
CMRL,Chicago East,10/31/2018,21600,33,49
CMRL,Minneapolis,1/8/2019,6336,31,22
CMRL,Southwest,4/3/2019,13500,30,30
CMRL,Southwest,6/3/2019,27360,35,102
CMRL,Northeast,6/5/2019,5400,42,17
CMRL,Southeast,7/16/2019,12000,30,26
CMRL,Northeast,6/7/2019,7260,23,12
CMRL,Southeast,7/15/2019,9840,22,43
CMRL,Los Angeles,6/20/2019,2880,31,6
CMRL,Northeast,6/28/2019,1740,22,9
CMRL,Canada West,3/18/2019,8220,25,26
CMRL,Chicago East,3/31/2020,22380,25,41
CMRL,Northeast,3/28/2019,960,30,4
CMRL,Southeast,4/26/2019,1680,21,4
CMRL,South Central,4/25/2019,17040,27,43
CMRL,South Central,7/26/2019,18600,31,31
CMRL,Southeast,3/13/2020,18600,28,33
CMRL,Northwest,7/9/2019,19356,27,39
CMRL,Northwest,8/26/2019,14880,28,31
CMRL,South Central,9/17/2019,22560,47,50
CMRL,South Central,9/13/2019,1200,24,5
CMRL,Northeast,11/4/2019,22020,35,45
CMRL,Southwest,12/23/2019,46488,25,81
CMRL,Southwest,11/1/2019,3336,40,9
CMRL,North Central,8/24/2017,3360,25,8
CMRL,Alberta,8/9/2017,5460,27,13
CMRL,North Central,10/13/2017,17640,41,48
CMRL,Southeast,11/27/2017,4800,20,20
CMRL,South Central,11/8/2017,1800,25,3
CMRL,Chicago West,12/28/2018,11040,30,39
CMRL,North Central,1/17/2018,15600,31,28
CMRL,Chicago East,1/7/2020,14304,45,46
CMRL,Northeast,11/22/2016,13740,26,42
CMRL,Southwest,3/6/2018,7560,30,26
CMRL,North Central,11/21/2018,4320,26,18
CMRL,Northwest,11/30/2017,9960,20,28
CMRL,Dallas,7/28/2017,14604,35,68
CMRL,Dallas,12/22/2017,13512,27,36
CMRL,North Central,11/30/2017,11148,27,31
CMRL,Northeast,6/9/2020,22560,42,46
CMRL,Northwest,4/6/2020,25392,43,47
CMRL,North Central,11/27/2017,11700,24,23
CMRL,South Central,11/23/2017,2160,25,9
CMRL,Southwest,5/1/2017,17940,21,52
CMRL,Northeast,11/27/2017,25320,23,42
CMRL,Northwest,4/11/2017,5400,30,15
CMRL,Southwest,11/19/2019,8580,28,13
CMRL,South Central,12/11/2019,7896,24,23
CMRL,Southeast,1/30/2020,4860,35,9
CMRL,Southeast,12/26/2019,12456,24,31
CMRL,Northwest,1/10/2020,9660,23,23
CMRL,North Central,6/4/2020,16620,28,28
CMRL,Northeast,3/27/2020,32772,30,40
CMRL,Los Angeles,4/9/2020,5400,25,9
CMRL,Northeast,5/26/2020,5160,22,13
CMRL,North Central,5/18/2020,12000,23,20
CMRL,Southeast,5/19/2020,4620,25,10
CMRL,North Central,8/31/2020,13452,20,19
CMRL,Southeast,6/12/2020,9720,27,27
CMRL,Southeast,6/30/2020,10920,26,26
CMRL,Northwest,8/3/2020,10800,40,41
CMRL,Northeast,9/28/2020,18108,40,41
CMRL,Southwest,9/17/2020,28524,24,30
CMRL,Southwest,8/27/2020,1260,26,3
CMRL,Southeast,9/8/2020,15864,25,24
CMRL,South Central,10/9/2020,2100,22,5
CMRL,South Central,10/19/2020,9720,30,30
CMRL,Southeast,10/30/2020,12600,25,15
CMRL,North Central,1/17/2018,4560,20,24
CMRL,South Central,11/29/2017,16260,33,54
CMRL,South Central,11/28/2017,16800,43,47
CMRL,South Central,11/26/2018,22800,30,29
CMRL,Southwest,10/10/2017,10080,38,63
CMRL,Northeast,10/24/2016,8700,37,33
CMRL,Northwest,11/7/2017,6240,29,28
CMRL,Northwest,1/11/2018,5760,40,16
CMRL,North Central,10/2/2017,12180,25,31
CMRL,South Central,8/14/2019,14040,20,29
CMRL,Southwest,4/17/2018,7740,20,21
CMRL,Southeast,6/23/2018,11400,25,34
CMRL,Southwest,3/11/2019,10320,24,29
CMRL,South Central,5/11/2018,7560,20,30
CMRL,Northeast,1/18/2019,11520,32,25
CMRL,South Central,6/25/2020,12000,25,23
CMRL,Seattle,8/15/2017,21900,25,30
CMRL,North Central,8/3/2017,2700,20,0
CMRL,Chicago West,8/4/2017,13920,30,27
CMRL,Chicago West,10/17/2017,1740,21,21
CMRL,Northeast,12/6/2017,13260,21,39
CMRL,Canada West,1/13/2020,18024,40,44
CMRL,Northwest,12/21/2017,9720,26,27
CMRL,Canada West,12/21/2017,8640,25,26
CMRL,Northeast,9/30/2019,8160,30,35
CMRL,Minneapolis,12/22/2017,13128,22,37
CMRL,South Central,2/20/2018,10740,26,33
CMRL,Dallas,1/24/2018,6240,27,27
CMRL,South Central,10/3/2018,26400,31,44
CMRL,North Central,11/27/2019,17280,34,37
CMRL,Southeast,2/14/2018,3600,30,15
CMRL,North Central,3/6/2018,13680,36,53
CMRL,Chicago West,3/11/2019,12840,40,31
CMRL,Canada West,4/9/2019,14400,20,24
CMRL,Chicago East,5/31/2018,12420,31,40
CMRL,Southeast,9/30/2019,10920,40,32
CMRL,Northeast,7/17/2018,7680,22,23
CMRL,Dallas,6/14/2018,9660,20,25
CMRL,Northeast,6/20/2018,480,20,2
CMRL,Southeast,3/4/2019,5580,22,10
CMRL,Southeast,2/25/2020,13800,23,27
CMRL,Northeast,11/15/2019,7650,30,15
CMRL,Tampa,11/13/2018,11340,47,47
CMRL,Ontario,5/31/2019,2100,20,5
CMRL,Northwest,7/31/2019,17400,25,31
CMRL,Southeast,6/5/2019,15996,32,31
CMRL,North Central,6/28/2019,6600,31,11
CMRL,Southeast,2/29/2020,9312,20,24
CMRL,South Central,10/8/2019,23040,38,33
CMRL,Southwest,1/17/2020,8064,45,24
CMRL,Northeast,9/26/2019,2400,25,4
CMRL,South Central,2/28/2020,21600,33,36
CMRL,Southeast,12/31/2019,15900,23,25
CMRL,Southwest,3/28/2017,5040,30,15
CMRL,South Central,6/16/2017,5040,20,13
CMRL,Northwest,12/30/2017,8100,20,21
CMRL,Southeast,3/12/2019,5760,30,33
CMRL,Northeast,12/12/2017,19560,21,28
CMRL,Dallas,10/23/2017,14040,34,50
CMRL,Northwest,3/30/2020,9240,30,22
CMRL,Northeast,12/28/2017,12600,34,34
CMRL,Chicago West,1/16/2017,22080,46,54
CMRL,Southeast,5/25/2017,7920,28,33
CMRL,Dallas,3/27/2018,13020,35,40
CMRL,South Central,12/20/2017,4560,32,19
CMRL,Indianapolis,1/5/2018,14400,39,60
CMRL,Los Angeles,4/20/2017,13860,35,42
CMRL,Chicago West,8/28/2017,17880,40,24
CMRL,South Central,6/13/2017,9660,20,19
CMRL,Northwest,11/25/2019,12840,26,20
CMRL,Northeast,12/6/2019,2100,32,7
CMRL,Northwest,1/24/2020,4200,25,7
CMRL,Houston,5/28/2020,18612,40,40
CMRL,Los Angeles,2/18/2020,5556,27,25
CMRL,Northwest,7/10/2020,14400,30,30
CMRL,Northeast,6/4/2020,24480,28,28
CMRL,South Central,6/10/2020,17664,32,32
CMRL,Ontario,5/28/2020,14964,23,26
CMRL,Southwest,6/18/2020,1260,20,3
CMRL,South Central,6/16/2020,9600,23,16
CMRL,North Central,7/14/2020,42360,43,116
CMRL,Southeast,6/2/2020,1836,26,2
CMRL,Northwest,6/25/2020,12180,30,29
CMRL,Los Angeles,9/3/2020,2160,20,16
CMRL,South Central,8/5/2020,1920,23,8
CMRL,North Central,5/22/2017,5940,20,23
CMRL,North Central,4/5/2018,13200,35,28
CMRL,South Central,3/26/2018,26004,20,92
CMRL,North Central,4/5/2018,14280,40,39
CMRL,Southeast,1/4/2018,720,20,3
CMRL,Northeast,10/9/2020,21000,40,50
CMRL,Northeast,11/28/2018,1920,25,12
CMRL,Northwest,5/23/2018,9480,23,31
CMRL,Ontario,12/11/2017,4680,27,13
CMRL,Southwest,9/12/2017,20880,24,49
CMRL,North Central,8/8/2017,2520,20,6
CMRL,Southeast,12/14/2017,4320,20,18
CMRL,Atlanta,10/25/2017,240,47,76
CMRL,Columbus,8/14/2017,11088,31,35
CMRL,Northwest,10/19/2017,7344,40,37
CMRL,Northwest,9/13/2017,840,20,3
CMRL,Chicago West,9/30/2017,12000,20,20
CMRL,Los Angeles,11/29/2017,16800,23,56
CMRL,South Central,9/30/2017,7200,20,12
CMRL,Chicago West,12/16/2019,14640,45,19
CMRL,Los Angeles,11/27/2017,13860,45,33
CMRL,North Central,5/27/2020,11988,25,39
CMRL,North Central,10/18/2017,6480,23,27
CMRL,North Central,10/25/2017,3600,20,15
CMRL,Los Angeles,11/9/2017,8640,24,24
CMRL,Atlanta,10/25/2017,6048,36,48
CMRL,Southeast,6/14/2019,9180,25,20
CMRL,Phoenix,12/21/2017,8856,30,54
CMRL,North Central,11/22/2017,9000,20,25
CMRL,Chicago East,11/26/2018,24420,45,36
CMRL,Northeast,11/30/2017,15000,21,26
CMRL,Alberta,11/9/2017,26400,29,75
CMRL,North Central,11/9/2017,11714,20,34
CMRL,Northwest,11/13/2017,5040,20,21
CMRL,Northwest,12/6/2017,5760,24,24
CMRL,Northwest,12/13/2017,3600,20,14
CMRL,Southwest,11/30/2017,11040,48,8
CMRL,Northwest,12/11/2017,10500,32,44
CMRL,Southwest,10/17/2019,47880,25,69
CMRL,South Central,12/11/2017,14856,20,25
CMRL,Southeast,7/23/2019,12240,30,47
CMRL,South Central,12/18/2018,9660,22,36
CMRL,Canada East,12/21/2017,4032,30,10
CMRL,Southwest,12/20/2017,4320,20,37
CMRL,South Central,12/27/2017,6000,26,25
CMRL,Northeast,1/4/2018,9576,21,24
CMRL,North Central,12/22/2017,1920,30,8
CMRL,Los Angeles,1/11/2018,4200,25,11
CMRL,Indianapolis,1/11/2018,696,20,3
CMRL,Detroit,1/19/2018,12096,34,57
CMRL,Chicago West,2/1/2018,21360,20,36
CMRL,Southwest,2/18/2018,8280,20,23
CMRL,Houston,3/8/2018,1008,25,6
CMRL,Tampa,9/4/2018,5280,25,23
CMRL,Southwest,10/2/2019,8400,25,25
CMRL,Chicago East,3/23/2018,0,21,21
CMRL,Northwest,3/30/2018,5040,21,39
CMRL,Southeast,4/4/2018,33876,20,95
CMRL,North Central,7/16/2018,8100,25,23
CMRL,Los Angeles,7/12/2018,7140,20,17
CMRL,Alberta,11/26/2018,29436,21,71
CMRL,Houston,11/30/2018,7560,40,20
CMRL,Southwest,9/18/2018,11448,20,32
CMRL,Southwest,9/7/2018,16428,42,52
CMRL,Tampa,10/1/2018,6480,45,26
CMRL,Tampa,10/24/2018,10200,27,17
CMRL,Tampa,10/24/2018,12480,23,16
CMRL,South Central,11/28/2018,10800,30,45
CMRL,Southeast,9/30/2020,13680,21,20
CMRL,Tampa,10/16/2019,6480,30,27
CMRL,South Central,10/16/2019,14400,32,30
CMRL,Northwest,12/11/2019,3600,23,15
CMRL,Northwest,5/24/2019,15600,26,26
CMRL,Ontario,6/25/2019,12420,22,25
CMRL,Alberta,11/11/2019,8392,27,27
CMRL,Southwest,1/31/2020,14256,20,22
CMRL,Southeast,12/13/2019,17640,42,44
CMRL,North Central,11/27/2019,13440,23,30
CMRL,Northwest,11/11/2019,15840,33,33
CMRL,Phoenix,10/30/2019,6720,20,20
CMRL,Northwest,10/30/2019,1260,20,3
CMRL,South Central,9/19/2017,5280,23,22
CMRL,South Central,12/6/2017,14880,26,34
CMRL,South Central,6/27/2018,16872,20,11
CMRL,Southeast,1/19/2018,1800,31,5
CMRL,Chicago West,12/20/2017,5580,20,17
CMRL,Detroit,7/10/2017,8820,20,24
CMRL,North Central,10/27/2017,4320,20,12
CMRL,South Central,1/8/2017,19908,40,39
CMRL,South Central,8/9/2017,9888,30,43
CMRL,Northeast,10/10/2017,2640,35,11
CMRL,Houston,10/16/2017,6300,30,15
CMRL,Southeast,12/11/2017,10500,24,25
CMRL,North Central,11/30/2017,13680,32,38
CMRL,Southwest,12/27/2017,5280,21,22
CMRL,Houston,11/27/2017,8880,24,42
CMRL,South Central,8/7/2017,12420,24,23
CMRL,South Central,12/8/2016,13440,32,32
CMRL,Dallas,10/16/2017,8160,37,34
CMRL,Ontario,8/30/2017,2400,25,0
CMRL,North Central,8/24/2017,4320,20,21
CMRL,South Central,8/8/2017,13860,50,34
CMRL,Chicago West,10/18/2017,10080,30,2
CMRL,Southwest,9/11/2020,21000,25,25
CMRL,Southeast,11/27/2017,13440,23,23
CMRL,Northwest,10/16/2018,720,30,3
CMRL,Chicago West,12/12/2017,19500,21,25
CMRL,Detroit,12/4/2017,7200,28,32
CMRL,Seattle,12/2/2019,2400,26,4
CMRL,Houston,1/20/2020,8220,25,26
CMRL,Northeast,1/14/2020,15876,22,27
CMRL,Ontario,2/18/2020,31500,36,37
CMRL,Northwest,1/16/2020,8640,20,23
CMRL,Northwest,1/28/2020,11004,30,30
CMRL,Dallas,2/11/2020,6156,23,16
CMRL,Southeast,2/28/2020,8640,24,12
CMRL,Northwest,5/7/2020,17136,30,31
CMRL,Southwest,2/28/2020,8892,25,33
CMRL,Northeast,4/30/2020,24396,28,27
CMRL,South Central,4/13/2020,3900,23,6
CMRL,Los Angeles,6/29/2020,3108,20,13
CMRL,Southeast,6/19/2020,15600,26,41
CMRL,Southwest,5/6/2020,7380,20,22
CMRL,North Central,6/15/2020,6300,20,15
CMRL,Northwest,8/4/2020,8400,37,15
CMRL,South Central,7/10/2020,15600,25,25
CMRL,Southwest,8/20/2020,22344,28,30
CMRL,Southeast,10/21/2020,4620,26,11
CMRL,Northeast,7/30/2020,684,20,3
CMRL,North Central,11/27/2017,10044,35,13
CMRL,Southeast,1/17/2019,12000,30,20
CMRL,Southeast,11/8/2017,17220,22,32
CMRL,Canada East,11/27/2017,11340,24,33
CMRL,South Central,5/27/2020,11520,23,25
CMRL,Detroit,3/11/2019,6372,22,14
CMRL,South Central,7/17/2018,20040,20,45
CMRL,North Central,7/9/2019,9720,24,20
CMRL,Detroit,6/28/2017,12960,39,43
CMRL,Northeast,7/14/2017,6720,20,16
CMRL,Northeast,10/6/2017,12960,35,27
CMRL,Houston,12/26/2017,6480,35,31
CMRL,South Central,1/8/2018,10140,35,28
CMRL,Northwest,12/30/2017,6000,29,26
CMRL,South Central,9/1/2017,24600,41,79
CMRL,Southwest,9/28/2017,6192,24,31
CMRL,Southwest,12/19/2017,4800,20,20
CMRL,Northeast,8/30/2019,21840,28,37
CMRL,Southeast,10/25/2017,14112,30,44
CMRL,North Central,9/29/2017,2160,21,9
CMRL,Northwest,3/11/2019,2940,25,7
CMRL,Northeast,10/25/2017,6120,20,17
CMRL,Chicago East,1/18/2018,16368,28,96
CMRL,South Central,10/31/2019,32352,28,33
CMRL,Dallas,9/30/2017,5040,25,44
CMRL,Chicago West,10/16/2017,21240,20,43
CMRL,Northeast,10/16/2017,3600,25,16
CMRL,North Central,10/16/2017,7920,25,23
CMRL,North Central,3/23/2018,7680,25,32
CMRL,Dallas,12/26/2017,0,23,6
CMRL,Dallas,7/12/2019,4620,21,23
CMRL,Southwest,3/9/2018,5520,30,22
CMRL,Dallas,10/25/2017,11760,24,28
CMRL,South Central,11/9/2017,9660,23,35
CMRL,Northwest,11/3/2017,16800,31,51
CMRL,Southwest,11/4/2017,13260,23,26
CMRL,Northeast,11/22/2017,2880,20,20
CMRL,Canada East,12/14/2017,1440,20,11
CMRL,Southwest,11/22/2017,5040,25,26
CMRL,Chicago West,11/30/2017,3600,35,15
CMRL,Southeast,11/29/2017,24000,43,7
CMRL,Northeast,11/30/2017,7200,32,32
CMRL,Northeast,12/20/2017,8400,40,37
CMRL,North Central,1/3/2018,1680,50,7
CMRL,Northwest,11/30/2017,0,42,12
CMRL,Southeast,11/28/2017,22200,30,36
CMRL,Seattle,12/4/2017,10920,22,29
CMRL,Chicago East,12/30/2019,2400,20,10
CMRL,Northeast,1/22/2018,1200,20,5
CMRL,Northeast,12/20/2017,15180,30,64
CMRL,Houston,12/29/2017,2160,25,6
CMRL,Northwest,2/8/2018,9720,38,45
CMRL,Southeast,1/16/2018,3984,21,41
CMRL,Northeast,1/8/2018,1920,20,8
CMRL,Southwest,12/21/2017,18636,27,54
CMRL,Northeast,12/30/2017,18240,25,32
CMRL,Southwest,7/23/2019,2880,35,6
CMRL,Northeast,1/10/2018,10800,20,18
CMRL,Dallas,1/19/2018,8820,21,25
CMRL,South Central,1/31/2018,13320,22,25
CMRL,Northeast,2/23/2018,8640,20,27
CMRL,Southeast,3/6/2018,15120,31,36
CMRL,Southwest,8/1/2018,10500,30,29
CMRL,Northwest,7/18/2018,9120,20,38
CMRL,North Central,1/6/2020,3000,21,5
CMRL,Dallas,8/31/2018,17388,20,39
CMRL,Southeast,1/14/2019,23460,50,70
CMRL,Northeast,1/23/2019,10080,25,24
CMRL,Houston,12/13/2018,12600,25,31
CMRL,Southwest,3/18/2019,4800,35,21
CMRL,South Central,10/2/2019,12000,25,20
CMRL,Northwest,6/11/2019,4080,24,0
CMRL,Canada West,6/24/2019,4800,35,14
CMRL,Southeast,11/5/2019,21000,46,51
CMRL,Los Angeles,3/4/2019,14400,25,25
CMRL,South Central,5/10/2019,396,28,4
CMRL,Alberta,7/23/2019,10560,22,22
CMRL,Dallas,10/30/2019,7056,21,21
CMRL,Northwest,4/12/2017,7560,20,22
CMRL,North Central,3/29/2017,16038,30,27
CMRL,Southeast,10/6/2017,8160,38,37
CMRL,Northwest,5/9/2019,11520,25,30
CMRL,Southwest,12/19/2018,1800,20,4
CMRL,Chicago West,11/29/2017,9120,31,39
CMRL,North Central,6/8/2018,2640,40,10
CMRL,Northwest,6/10/2020,7560,30,19
CMRL,Northeast,1/22/2018,11844,22,34
CMRL,Southwest,11/12/2017,20160,45,92
CMRL,Northwest,5/14/2018,8280,26,23
CMRL,Northwest,9/15/2020,2880,20,15
CMRL,South Central,3/2/2017,9360,35,23
CMRL,Southwest,11/14/2018,8640,32,18
CMRL,Southeast,11/27/2017,12000,20,28
CMRL,North Central,5/19/2020,4800,45,10
CMRL,South Central,1/29/2020,9240,30,22
CMRL,Newark,6/2/2017,10500,23,5
CMRL,Southwest,4/23/2019,8640,28,24
CMRL,North Central,3/28/2017,21540,45,41
CMRL,South Central,11/27/2017,15000,25,54
CMRL,Dallas,1/3/2018,8340,40,72
CMRL,Northwest,11/27/2017,8400,35,46
CMRL,Canada West,6/28/2017,3840,20,17
CMRL,Southeast,9/15/2017,14700,24,46
CMRL,Southeast,1/27/2020,6936,22,21
CMRL,Southwest,1/31/2020,11700,29,39
CMRL,Northwest,7/10/2020,23400,39,49
CMRL,Alberta,5/13/2020,13776,36,22
CMRL,Southwest,6/30/2020,18720,32,39
CMRL,Southwest,3/19/2020,7200,28,30
CMRL,Canada East,6/2/2020,9348,45,43
CMRL,Columbus,5/29/2020,14280,34,34
CMRL,Dallas,6/18/2020,14520,40,49
CMRL,Canada West,9/22/2020,11880,30,30
CMRL,Northwest,7/31/2020,2640,25,11
CMRL,North Central,9/8/2020,5760,20,20
CMRL,Southeast,7/6/2020,8604,21,18
CMRL,Indianapolis,10/27/2020,12432,34,26
CMRL,South Central,7/16/2020,3360,20,9
CMRL,Northwest,9/30/2020,2520,20,6
CMRL,Canada East,11/4/2019,10800,20,23
CMRL,Phoenix,10/13/2017,19320,40,46
CMRL,North Central,9/8/2017,15120,20,42
CMRL,North Central,10/19/2018,14400,20,24
CMRL,Northeast,10/13/2017,6000,26,28
CMRL,Chicago West,5/17/2018,33600,45,52
CMRL,North Central,6/21/2017,7920,28,36
CMRL,Northwest,8/30/2019,16200,28,27
CMRL,Southeast,4/20/2018,18720,24,35
CMRL,Ontario,4/23/2019,14280,24,23
CMRL,Northeast,4/30/2018,22200,36,38
CMRL,Northeast,7/3/2018,15600,25,55
CMRL,Chicago West,12/12/2017,11892,34,57
CMRL,Chicago West,9/28/2017,7440,40,33
CMRL,Ontario,8/24/2017,2940,40,11
CMRL,Southeast,12/14/2017,7620,50,22
CMRL,South Central,9/29/2017,8262,28,28
CMRL,Ontario,8/14/2017,22740,35,113
CMRL,Indianapolis,9/28/2017,4620,20,2
CMRL,Northwest,7/27/2017,6960,20,34
CMRL,North Central,11/27/2017,7200,32,36
CMRL,Southwest,12/11/2017,4800,30,20
CMRL,Northwest,3/27/2018,18000,28,21
CMRL,North Central,12/19/2017,720,20,2
CMRL,North Central,9/19/2017,10080,32,25
CMRL,South Central,2/4/2019,19680,21,37
CMRL,Northeast,10/19/2017,3600,32,32
CMRL,Northwest,10/22/2018,11160,25,15
CMRL,South Central,10/19/2017,9240,29,27
CMRL,Chicago West,11/3/2017,10584,25,41
CMRL,Northwest,11/8/2017,1080,25,3
CMRL,Seattle,8/14/2018,3600,20,15
CMRL,Houston,12/11/2017,4320,20,18
CMRL,Northeast,11/2/2017,11568,20,36
CMRL,Canada West,11/7/2017,5460,20,14
CMRL,Chicago West,11/6/2017,11520,24,31
CMRL,Northwest,11/22/2017,2880,30,15
CMRL,Chicago East,11/22/2017,36312,44,73
CMRL,Northeast,12/26/2017,5160,31,29
CMRL,Northeast,2/12/2020,17340,29,50
CMRL,Chicago West,11/21/2017,5040,37,37
CMRL,Northwest,11/30/2017,3972,25,6
CMRL,Southwest,12/11/2017,15840,30,31
CMRL,Chicago West,2/28/2020,9024,25,29
CMRL,Chicago West,12/19/2017,3840,24,16
CMRL,Southwest,12/19/2017,3600,38,24
CMRL,Southwest,1/22/2018,15060,25,42
CMRL,Los Angeles,4/19/2019,1200,25,6
CMRL,Northwest,12/30/2017,4080,25,18
CMRL,Southeast,2/20/2018,14880,30,21
CMRL,Canada West,7/24/2018,6336,20,16
CMRL,Southeast,3/31/2018,10680,25,25
CMRL,Southwest,4/2/2018,16920,41,47
CMRL,North Central,3/27/2018,15960,20,38
CMRL,Northwest,3/30/2018,2400,21,10
CMRL,Tampa,4/10/2018,8400,31,62
CMRL,Ontario,5/21/2018,7140,20,20
CMRL,Alberta,9/26/2019,6672,30,15
CMRL,Detroit,6/8/2018,5040,25,26
CMRL,Los Angeles,6/22/2018,15600,21,44
CMRL,Northeast,6/22/2018,6720,25,18
CMRL,Northwest,6/20/2018,4200,40,11
CMRL,Northwest,7/24/2018,1680,40,4
CMRL,Los Angeles,9/7/2018,4200,20,13
CMRL,Ontario,10/15/2018,9552,22,22
CMRL,Northeast,2/1/2019,15360,40,27
CMRL,Tampa,10/18/2018,9600,24,75
CMRL,Southeast,10/31/2019,13200,20,24
CMRL,Southeast,6/3/2019,17220,31,34
CMRL,South Central,1/7/2019,11520,21,25
CMRL,South Central,7/31/2019,5460,31,19
CMRL,Northwest,6/4/2019,13200,22,28
CMRL,Northwest,2/22/2019,2550,50,5
CMRL,Northeast,5/23/2019,7992,35,15
CMRL,Northwest,9/19/2019,11520,29,48
CMRL,North Central,10/1/2019,11232,25,30
CMRL,Alberta,5/20/2019,6576,25,14
CMRL,Southeast,9/20/2019,10200,30,17
CMRL,Northwest,10/3/2019,11328,36,24
CMRL,Southwest,11/15/2019,16800,32,35
CMRL,Northwest,10/22/2019,3384,27,9
CMRL,Northwest,10/22/2019,2940,37,7
CMRL,Northeast,10/22/2019,11280,46,49
CMRL,Phoenix,10/29/2019,11760,26,28
CMRL,Northwest,1/10/2017,10080,20,38
CMRL,Southeast,10/17/2017,10440,28,29
CMRL,Southwest,12/16/2017,7920,26,33
CMRL,South Central,3/15/2017,30000,50,59
CMRL,Ontario,10/17/2018,6000,25,0
CMRL,Southeast,3/8/2017,3960,20,11
CMRL,Los Angeles,11/27/2017,7932,21,36
CMRL,Ontario,6/19/2019,9600,22,21
CMRL,Canada West,5/3/2019,9240,20,23
CMRL,Southeast,1/22/2020,28200,34,49
CMRL,North Central,10/9/2020,2400,44,5
CMRL,Southwest,11/27/2017,2400,25,22
CMRL,Southeast,10/31/2020,12000,50,#N/A
CMRL,Southeast,12/8/2016,8700,20,23
CMRL,Chicago West,8/14/2019,7140,20,19
CMRL,Northeast,1/21/2020,22296,34,36
CMRL,Alberta,7/2/2018,27600,27,45
CMRL,Chicago East,3/26/2018,6480,30,47
CMRL,Tampa,5/23/2018,2880,20,12
CMRL,North Central,8/4/2020,16644,30,32
CMRL,North Central,10/13/2016,5520,30,23
CMRL,South Central,11/27/2017,3120,27,15
CMRL,Seattle,11/27/2017,18804,30,49
CMRL,Chicago West,1/10/2020,2580,20,10
CMRL,Tampa,12/26/2017,12000,20,22
CMRL,Southeast,3/9/2017,3600,30,13
CMRL,Seattle,2/16/2018,15360,30,29
CMRL,Dallas,12/19/2017,15624,28,46
CMRL,Southwest,1/16/2020,7200,25,24
CMRL,South Central,4/5/2017,7200,20,20
CMRL,Northwest,8/30/2017,12960,30,56
CMRL,Northeast,11/12/2019,1680,20,4
CMRL,Houston,12/11/2019,7920,30,1
CMRL,Ontario,12/3/2019,13776,20,44
CMRL,Dallas,12/13/2019,3732,25,10
CMRL,Southwest,12/17/2019,2160,24,13
CMRL,Southwest,2/18/2020,12180,35,30
CMRL,Southwest,3/13/2020,8640,23,18
CMRL,Northeast,8/27/2020,21120,32,32
CMRL,Canada East,5/26/2020,19200,37,36
CMRL,South Central,5/30/2020,3876,20,12
CMRL,South Central,6/30/2020,9600,20,16
CMRL,Northeast,6/19/2020,5988,20,7
CMRL,Northwest,7/21/2020,22008,35,38
CMRL,Chicago East,10/22/2020,2388,20,5
CMRL,South Central,8/31/2020,12480,26,26
CMRL,Southeast,9/29/2020,9660,22,17
CMRL,Canada East,2/17/2017,8280,40,23
CMRL,North Central,6/21/2018,9660,34,22
CMRL,North Central,12/20/2017,8832,26,40
CMRL,South Central,11/27/2019,8400,30,19
CMRL,Chicago East,1/30/2017,1440,28,9
CMRL,Northeast,12/6/2017,8400,40,42
CMRL,Northwest,11/27/2017,9732,25,43
CMRL,South Central,9/29/2017,5520,26,10
CMRL,Chicago West,1/17/2018,13440,40,58
CMRL,Canada West,9/28/2017,10800,30,32
CMRL,Northeast,12/21/2017,20592,31,39
CMRL,North Central,10/13/2017,15000,25,49
CMRL,Northeast,8/8/2017,6720,20,16
CMRL,South Central,10/5/2017,14700,50,47
CMRL,South Central,10/4/2017,9240,24,23
CMRL,Canada East,8/10/2020,16380,20,21
CMRL,Northwest,12/6/2017,7200,20,20
CMRL,Northwest,11/29/2017,15300,45,51
CMRL,Southwest,10/13/2017,10116,45,46
CMRL,Southeast,11/3/2017,9120,41,51
CMRL,Southwest,10/25/2017,5952,30,68
CMRL,North Central,11/8/2017,9900,40,33
CMRL,Southwest,10/25/2017,15120,30,33
CMRL,Northeast,4/8/2020,4740,25,20
CMRL,Indianapolis,10/27/2017,16200,28,47
CMRL,Northwest,11/8/2017,19920,30,36
CMRL,Chicago West,11/27/2017,21420,28,40
CMRL,Northwest,12/21/2017,6240,44,27
CMRL,Chicago West,11/27/2017,9000,31,26
CMRL,South Central,12/6/2017,26640,44,45
CMRL,Detroit,12/12/2017,4320,25,18
CMRL,Dallas,11/27/2017,12456,48,37
CMRL,Northwest,12/12/2017,7680,35,37
CMRL,Tampa,4/19/2019,7920,20,21
CMRL,South Central,10/21/2019,5880,20,15
CMRL,Northeast,2/4/2020,1680,30,4
CMRL,Northeast,12/19/2019,13860,42,44
CMRL,Northeast,12/13/2017,4320,20,19
CMRL,Northwest,12/28/2017,5520,25,23
CMRL,Northeast,1/4/2018,3840,21,20
CMRL,Los Angeles,2/12/2018,16380,25,55
CMRL,North Central,7/31/2020,720,30,3
CMRL,Northwest,3/12/2018,8988,22,33
CMRL,Los Angeles,2/5/2018,2940,25,8
CMRL,Ontario,7/9/2019,3480,40,7
CMRL,Chicago West,3/29/2018,6960,20,30
CMRL,North Central,3/29/2018,12240,33,34
CMRL,Southwest,5/17/2019,18432,48,48
CMRL,Southwest,6/4/2018,1200,40,5
CMRL,Northwest,7/16/2018,16800,36,36
CMRL,Dallas,6/22/2018,15420,31,34
CMRL,Southwest,6/6/2019,7200,25,15
CMRL,Dallas,7/24/2018,10080,25,46
CMRL,Northeast,8/20/2018,360,23,5
CMRL,Southeast,9/27/2018,14280,30,35
CMRL,South Central,12/28/2018,2928,30,14
CMRL,South Central,2/15/2019,20400,34,35
CMRL,Los Angeles,2/26/2019,6720,27,29
CMRL,Dallas,3/25/2019,9600,35,41
CMRL,Southwest,6/3/2020,21420,41,51
CMRL,South Central,6/26/2019,7560,21,21
CMRL,Canada West,7/17/2020,9024,28,25
CMRL,Houston,8/1/2019,2520,31,7
CMRL,Dallas,8/30/2019,6624,21,23
CMRL,South Central,5/29/2020,10080,21,24
CMRL,Southeast,2/14/2018,10500,20,30
CMRL,Southwest,1/31/2018,25632,38,51
CMRL,North Central,7/20/2018,,21,#N/A
CMRL,Chicago East,5/2/2017,16260,20,47
CMRL,Northeast,11/9/2017,12480,47,22
CMRL,South Central,12/20/2017,5040,20,15
CMRL,Los Angeles,11/8/2016,7740,30,26
CMRL,Northwest,10/4/2017,13680,28,38
CMRL,South Central,6/22/2017,11760,25,30
CMRL,Northwest,2/15/2018,7920,23,25
CMRL,Northeast,5/3/2018,6300,33,13
CMRL,Northwest,9/20/2018,12000,25,25
CMRL,Northeast,11/8/2017,5040,25,23
CMRL,Northwest,11/27/2017,33828,40,50
CMRL,South Central,6/18/2020,20760,22,25
CMRL,Canada West,11/27/2017,11592,31,27
CMRL,Dallas,1/14/2018,18300,29,49
CMRL,Northeast,9/30/2019,20100,35,37
CMRL,Southwest,6/1/2018,7140,20,18
CMRL,Southwest,3/30/2017,13800,25,23
CMRL,South Central,3/16/2017,11760,21,29
CMRL,South Central,11/27/2017,7440,30,32
CMRL,Southwest,3/29/2017,480,20,2
CMRL,Northeast,5/31/2017,5760,22,26
CMRL,Columbus,4/29/2019,720,30,3
CMRL,Dallas,12/14/2017,6240,20,30
CMRL,South Central,12/28/2017,4320,31,19
CMRL,North Central,2/13/2018,17160,27,30
CMRL,South Central,11/16/2017,10080,37,29
CMRL,Tampa,3/30/2019,960,20,15
CMRL,Southwest,9/28/2017,4800,20,24
CMRL,Chicago West,3/25/2020,5016,30,22
CMRL,Southwest,11/12/2019,24780,33,58
CMRL,Chicago West,1/7/2020,7920,20,23
CMRL,Northeast,1/22/2020,7980,25,19
CMRL,Canada West,2/3/2020,19740,50,47
CMRL,Northwest,2/25/2020,7560,20,14
CMRL,Southwest,2/14/2020,4320,35,9
CMRL,Houston,2/27/2020,20400,30,34
CMRL,North Central,7/27/2020,23040,49,3
CMRL,Northwest,4/29/2020,18864,33,33
CMRL,Southeast,5/11/2020,20244,47,50
CMRL,North Central,5/19/2020,16380,39,39
CMRL,South Central,9/8/2020,12096,28,28
CMRL,Northeast,6/30/2020,21600,50,45
CMRL,Northwest,5/29/2020,9420,24,15
CMRL,North Central,8/25/2020,7200,30,17
CMRL,Los Angeles,7/16/2020,11880,22,22
CMRL,North Central,6/25/2020,3360,25,10
CMRL,Northwest,9/23/2020,7080,30,20
CMRL,Southwest,7/6/2020,10272,20,21
CMRL,Northwest,9/30/2020,14112,24,24
CMRL,Southeast,10/16/2020,18240,20,20
CMRL,Northeast,7/24/2020,7104,22,16
CMRL,South Central,9/15/2020,720,25,4
CMRL,Southwest,9/19/2017,6600,11,13
CMRL,Southwest,12/6/2019,12600,38,30
CMRL,North Central,10/6/2017,17640,40,43
CMRL,Southeast,10/19/2017,8400,20,6
CMRL,North Central,1/3/2018,4320,21,12
CMRL,Chicago East,11/8/2017,8340,21,26
CMRL,South Central,9/6/2018,3600,33,16
CMRL,North Central,9/30/2017,19656,20,49
CMRL,Southwest,11/27/2017,18480,30,45
CMRL,Northwest,2/7/2018,7440,37,31
CMRL,Northeast,11/27/2017,3600,50,15
CMRL,Detroit,4/12/2018,0,28,1
CMRL,Southeast,7/25/2018,21000,26,38
CMRL,Dallas,5/2/2018,13404,23,29
CMRL,Minneapolis,12/14/2017,12600,24,53
CMRL,Dallas,7/14/2017,7560,22,33
CMRL,Dallas,4/6/2018,11520,30,59
CMRL,Southeast,6/16/2017,11760,40,38
CMRL,Northeast,7/7/2017,17400,20,26
CMRL,Tampa,11/8/2017,12600,28,62
CMRL,South Central,10/6/2017,2880,28,12
CMRL,Northwest,11/21/2017,16200,50,51
CMRL,South Central,8/28/2017,8448,28,23
CMRL,South Central,9/7/2017,10008,27,29
CMRL,Atlanta,11/1/2017,7344,24,29
CMRL,North Central,9/29/2017,16860,36,54
CMRL,Northeast,10/10/2017,14280,42,37
CMRL,Southwest,10/17/2017,13860,35,64
CMRL,Minneapolis,11/2/2017,5220,20,22
CMRL,Northeast,1/22/2018,10800,21,23
CMRL,North Central,10/12/2017,11340,27,54
CMRL,Southeast,11/27/2017,5280,22,24
CMRL,Phoenix,6/30/2020,8640,40,17
CMRL,South Central,11/10/2017,7200,20,20
CMRL,Chicago West,11/3/2017,17088,39,83
CMRL,Ontario,12/13/2017,2100,25,5
CMRL,Southeast,11/22/2017,25800,40,40
CMRL,Dallas,11/29/2017,31272,40,93
CMRL,Dallas,12/12/2017,15900,30,48
CMRL,Dallas,12/11/2017,6540,30,39
CMRL,Northwest,11/16/2017,7440,48,31
CMRL,Southwest,12/13/2017,23400,26,37
CMRL,Southeast,12/20/2017,2832,20,13
CMRL,Southeast,12/22/2017,7200,26,32
CMRL,Southwest,10/16/2019,10800,29,24
CMRL,Northwest,1/15/2018,9000,30,25
CMRL,Ontario,1/3/2018,480,25,3
CMRL,South Central,12/30/2017,7200,25,20
CMRL,Southeast,4/10/2019,6120,25,18
CMRL,Chicago West,1/25/2018,17628,21,31
CMRL,Southeast,2/13/2018,7728,20,17
CMRL,Chicago East,1/26/2018,29616,20,74
CMRL,Seattle,4/4/2018,5280,21,22
CMRL,Northwest,3/6/2018,4560,25,20
CMRL,Los Angeles,2/12/2018,10560,24,50
CMRL,Newark,3/7/2018,4320,30,33
CMRL,Tampa,3/26/2018,3600,20,15
CMRL,Ontario,3/28/2018,9216,43,51
CMRL,Northeast,6/14/2018,14760,30,46
CMRL,Dallas,6/14/2019,19200,32,32
CMRL,North Central,7/17/2018,9240,25,20
CMRL,Canada West,12/3/2019,9960,20,12
CMRL,North Central,9/24/2018,2940,30,41
CMRL,Northeast,6/17/2020,16380,39,39
CMRL,Chicago East,1/5/2019,20220,40,61
CMRL,Dallas,4/23/2019,17160,24,31
CMRL,Southeast,5/29/2020,9240,25,22
CMRL,Northwest,1/16/2019,12180,30,29
CMRL,Northwest,1/7/2019,9240,27,22
CMRL,Southeast,1/28/2019,2280,27,9
CMRL,South Central,3/21/2019,10200,25,34
CMRL,Northeast,3/8/2019,720,25,3
CMRL,Chicago West,4/2/2019,10560,44,44
CMRL,Southeast,6/3/2019,12960,33,27
CMRL,Houston,4/16/2019,19320,28,36
CMRL,Canada West,6/24/2020,6000,25,20
CMRL,South Central,7/10/2019,10920,30,36
CMRL,South Central,7/11/2019,1224,28,3
CMRL,Northwest,7/10/2019,13200,46,46
CMRL,Los Angeles,2/18/2020,7560,30,18
CMRL,North Central,3/13/2020,16200,28,28
CMRL,Northeast,9/23/2019,1980,20,3
CMRL,Alberta,9/28/2019,8940,28,31
CMRL,Tampa,9/26/2019,15960,40,37
CMRL,Ontario,3/19/2020,6600,48,13
CMRL,Northeast,9/30/2020,5460,42,13
CMRL,Chicago West,4/19/2019,16956,24,29
CMRL,Chicago West,10/3/2017,11520,39,49
CMRL,South Central,12/5/2017,11520,20,25
CMRL,South Central,2/19/2018,5760,24,29
CMRL,Northwest,2/3/2017,3240,20,10
CMRL,Northeast,7/10/2019,16800,40,38
CMRL,Southwest,12/19/2016,11160,31,62
CMRL,South Central,3/22/2018,8280,23,44
CMRL,Detroit,11/11/2019,17400,23,31
CMRL,South Central,10/23/2017,5400,22,15
CMRL,Northeast,5/9/2019,10140,30,32
CMRL,North Central,8/30/2017,1680,45,7
CMRL,Northwest,6/26/2019,10920,25,31
CMRL,Southeast,11/27/2017,5520,22,23
CMRL,Dallas,10/25/2017,11868,30,46
CMRL,Southwest,12/29/2017,1080,20,3
CMRL,North Central,3/3/2017,3960,20,11
CMRL,Northwest,12/21/2017,8316,38,31
CMRL,Alberta,11/25/2019,14496,29,38
CMRL,North Central,12/27/2017,26220,39,70
CMRL,North Central,5/24/2017,10440,30,29
CMRL,South Central,4/10/2017,15840,25,46
CMRL,South Central,11/27/2017,5040,20,21
CMRL,Northwest,7/17/2017,7920,30,37
CMRL,Northeast,5/3/2017,13860,37,39
CMRL,North Central,6/19/2017,6300,40,14
CMRL,Canada West,5/3/2018,10740,30,32
CMRL,Northwest,11/11/2019,16380,32,41
CMRL,Northwest,5/20/2020,5400,26,32
CMRL,Alberta,12/16/2019,19980,28,30
CMRL,Northeast,12/18/2019,7728,22,25
CMRL,Ontario,2/27/2020,2940,25,5
CMRL,Southeast,12/31/2019,5400,30,14
CMRL,South Central,5/29/2020,7128,30,14
CMRL,Southeast,3/30/2020,13020,31,31
CMRL,Southwest,1/14/2020,9540,33,30
CMRL,Los Angeles,8/10/2020,22680,40,35
CMRL,Alberta,4/8/2020,7020,40,39
CMRL,Southwest,2/21/2020,19680,40,40
CMRL,Northeast,3/23/2020,3240,30,6
CMRL,Southeast,6/2/2020,6720,30,33
CMRL,Tampa,2/29/2020,7620,25,9
CMRL,South Central,3/17/2020,14580,21,28
CMRL,Chicago West,3/18/2020,21600,35,37
CMRL,Southwest,4/20/2020,16920,28,30
CMRL,North Central,5/18/2020,30252,38,41
CMRL,Ontario,7/15/2020,7920,22,25
CMRL,North Central,8/28/2020,16368,42,39
CMRL,North Central,7/23/2020,8400,20,20
CMRL,Northwest,10/13/2020,15960,35,35
CMRL,Canada East,10/16/2020,3360,20,6
CMRL,North Central,10/9/2020,6480,27,20
CMRL,Southeast,11/27/2017,12480,24,5
CMRL,Northwest,2/1/2018,19980,45,47
CMRL,North Central,11/29/2017,9240,30,26
CMRL,Chicago West,11/3/2017,7440,30,32
CMRL,North Central,4/23/2019,13800,30,23
CMRL,Northwest,8/21/2019,15624,29,33
CMRL,Chicago East,7/13/2017,10920,25,30
CMRL,North Central,2/3/2017,5040,21,20
CMRL,Southwest,9/30/2020,12876,25,29
